date,player,mean_last_7,std_last_7,slope_last_7,prev_spike_count,last_score,label
2025-04-16,Achraf Hakimi,2.7142857142857144,2.751622897751175,0.8214285714285715,0,5.0,0
2025-04-16,Ademola Lookman,21.43,8.12924760766128,-0.5949999999999995,0,16.67,0
2025-04-16,Antoine Semenyo,18.368571428571432,28.2300008434121,7.143571428571429,0,14.29,0
2025-04-16,Bilal El Khannouss,4.761428571428572,12.597555885397544,1.1903571428571424,0,0.0,0
2025-04-16,Bryan Mbuemo,0.0,0.0,0.0,0,0.0,0
2025-04-16,Carlos Baleba,4.201428571428571,11.115935151201374,-1.0503571428571423,0,0.0,0
2025-04-16,Ilaix Moriba,1.4285714285714286,3.779644730092272,-0.35714285714285715,0,0.0,0
2025-04-16,Ismaila Sarr,0.0,0.0,0.0,0,0.0,0
2025-04-16,Kamaldeen Sulemana,0.0,0.0,0.0,0,0.0,0
2025-04-16,Mohamed Salah,50.00142857142857,34.80375287646024,-7.398214285714279,2,21.43,0
2025-04-16,Mohammed Kudus,9.09,12.855201281971434,-0.3246428571428567,0,0.0,0
2025-04-16,Samuel Chukwueze,7.142857142857143,18.89822365046136,-3.5714285714285703,0,0.0,0
2025-04-16,Serhou Guirassy,27.571428571428573,41.04817146904818,13.928571428571429,1,73.0,0
2025-04-17,Achraf Hakimi,2.857142857142857,2.734262327610589,0.75,0,3.0,0
2025-04-17,Ademola Lookman,21.43,8.12924760766128,-1.7850000000000006,0,16.67,0
2025-04-17,Antoine Semenyo,18.368571428571432,28.2300008434121,2.551428571428572,0,0.0,0
2025-04-17,Bilal El Khannouss,4.761428571428572,12.597555885397544,2.1637246616647307e-16,0,0.0,0
2025-04-17,Bryan Mbuemo,0.0,0.0,0.0,0,0.0,0
2025-04-17,Carlos Baleba,4.201428571428571,11.115935151201374,-2.100714285714286,0,0.0,0
2025-04-17,Ilaix Moriba,1.4285714285714286,3.7796447300922726,-0.7142857142857144,0,0.0,0
2025-04-17,Ismaila Sarr,0.0,0.0,0.0,0,0.0,0
2025-04-17,Kamaldeen Sulemana,0.0,0.0,0.0,0,0.0,0
2025-04-17,Mohamed Salah,53.74285714285714,32.23481436495109,-12.330000000000002,2,45.24,0
2025-04-17,Mohammed Kudus,9.09,12.855201281971434,-2.597142857142857,0,0.0,0
2025-04-17,Samuel Chukwueze,7.142857142857143,18.89822365046136,-5.357142857142858,0,0.0,0
2025-04-17,Serhou Guirassy,29.0,40.38151392242082,9.857142857142858,1,17.0,0
2025-04-18,Achraf Hakimi,2.857142857142857,2.7342623276105886,0.2857142857142858,0,1.0,0
2025-04-18,Ademola Lookman,21.43,8.12924760766128,-2.9749999999999983,0,16.67,0
2025-04-18,Antoine Semenyo,22.45,27.177368035432224,1.0203571428571436,0,28.57,0
2025-04-18,Bilal El Khannouss,4.761428571428572,12.597555885397544,-1.1903571428571424,0,0.0,0
2025-04-18,Bryan Mbuemo,0.0,0.0,0.0,0,0.0,0
2025-04-18,Carlos Baleba,4.201428571428571,11.115935151201374,-3.1510714285714294,0,0.0,0
2025-04-18,Ilaix Moriba,1.4285714285714286,3.7796447300922726,-1.0714285714285716,0,0.0,0
2025-04-18,Ismaila Sarr,0.0,0.0,0.0,0,0.0,0
2025-04-18,Kamaldeen Sulemana,0.0,0.0,0.0,0,0.0,0
2025-04-18,Mohamed Salah,42.17857142857143,26.963684483994037,-9.438928571428571,2,19.05,0
2025-04-18,Mohammed Kudus,7.791428571428573,13.30639749465325,-3.5710714285714285,0,0.0,0
2025-04-18,Samuel Chukwueze,0.0,0.0,0.0,0,0.0,0
2025-04-18,Serhou Guirassy,29.857142857142858,39.77196907131358,3.7499999999999996,1,8.0,0
2025-04-19,Achraf Hakimi,3.0,2.6457513110645907,-0.07142857142857136,0,2.0,0
2025-04-19,Ademola Lookman,19.050000000000004,6.2968881203337235,-1.785,0,16.67,0
2025-04-19,Antoine Semenyo,28.572857142857142,26.082548261424225,-2.320214401804372e-15,0,42.86,0
2025-04-19,Bilal El Khannouss,4.761428571428572,12.597555885397542,-2.380714285714286,0,0.0,0
2025-04-19,Bryan Mbuemo,0.0,0.0,0.0,0,0.0,0
2025-04-19,Carlos Baleba,0.0,0.0,0.0,0,0.0,0
2025-04-19,Ilaix Moriba,14.285714285714286,37.79644730092272,10.714285714285714,1,100.0,0
2025-04-19,Ismaila Sarr,2.6957142857142857,7.132189605684118,2.0217857142857145,0,18.87,0
2025-04-19,Kamaldeen Sulemana,0.0,0.0,0.0,0,0.0,0
2025-04-19,Mohamed Salah,33.33428571428572,18.081061784035118,-4.591785714285713,2,26.19,0
2025-04-19,Mohammed Kudus,7.791428571428573,13.30639749465325,-3.2464285714285723,0,9.09,0
2025-04-19,Samuel Chukwueze,0.0,0.0,0.0,0,0.0,0
2025-04-19,Serhou Guirassy,29.857142857142858,39.77196907131358,-2.2142857142857117,1,6.0,0
2025-04-20,Achraf Hakimi,3.142857142857143,2.5448360411214073,-0.4642857142857145,0,2.0,0
2025-04-20,Ademola Lookman,19.050000000000004,6.296888120333724,1.7850000000000001,0,33.33,0
2025-04-20,Antoine Semenyo,30.61428571428571,23.945130929650297,-5.612142857142861,0,14.29,0
2025-04-20,Bilal El Khannouss,19.047142857142855,37.7962373410748,7.1432142857142855,1,100.0,0
2025-04-20,Bryan Mbuemo,0.0,0.0,0.0,0,0.0,0
2025-04-20,Carlos Baleba,0.0,0.0,0.0,0,0.0,0
2025-04-20,Ilaix Moriba,17.857142857142858,37.400662077154784,9.821428571428571,1,25.0,0
2025-04-20,Ismaila Sarr,6.200000000000001,10.713836847740403,3.976071428571428,0,24.53,0
2025-04-20,Kamaldeen Sulemana,0.0,0.0,0.0,0,0.0,0
2025-04-20,Mohamed Salah,28.912857142857145,9.762217497894138,1.0210714285714286,2,38.1,0
2025-04-20,Mohammed Kudus,2.597142857142857,4.435465831551083,1.392334933584834e-16,0,0.0,0
2025-04-20,Samuel Chukwueze,7.142857142857143,18.89822365046136,5.357142857142857,0,50.0,0
2025-04-20,Serhou Guirassy,31.0,38.97862662194928,-8.071428571428568,1,11.0,0
2025-04-21,Achraf Hakimi,3.142857142857143,2.5448360411214073,-1.0,0,1.0,0
2025-04-21,Ademola Lookman,21.43,8.129247607661279,2.975,0,33.33,0
2025-04-21,Antoine Semenyo,22.45142857142857,16.19850757381826,-1.5303571428571434,0,14.29,0
2025-04-21,Bilal El Khannouss,19.047142857142855,37.79623734107481,10.713928571428571,1,33.33,0
2025-04-21,Bryan Mbuemo,0.0,0.0,0.0,0,0.0,0
2025-04-21,Carlos Baleba,2.2414285714285715,5.930262581514775,1.6810714285714285,0,15.69,0
2025-04-21,Ilaix Moriba,19.0,36.882696936820295,6.2142857142857135,1,8.0,0
2025-04-21,Ismaila Sarr,6.200000000000001,10.713836847740403,2.4260714285714293,0,0.0,0
2025-04-21,Kamaldeen Sulemana,0.0,0.0,0.0,0,0.0,0
2025-04-21,Mohamed Salah,27.552857142857142,10.088783729610679,0.5103571428571434,2,21.43,0
2025-04-21,Mohammed Kudus,3.8957142857142855,4.858809377967875,0.3246428571428572,0,9.09,0
2025-04-21,Samuel Chukwueze,7.142857142857143,18.89822365046136,3.571428571428572,0,0.0,0
2025-04-21,Serhou Guirassy,31.428571428571427,38.62148427519387,-14.999999999999998,1,5.0,0
2025-04-22,Achraf Hakimi,2.142857142857143,1.4638501094227998,-0.5357142857142858,0,1.0,0
2025-04-22,Ademola Lookman,21.43,8.129247607661279,1.7849999999999988,0,16.67,0
2025-04-22,Antoine Semenyo,18.369999999999997,13.588246146332992,0.5107142857142862,0,14.29,0
2025-04-22,Bilal El Khannouss,19.047142857142855,37.7962373410748,5.952142857142857,1,0.0,0
2025-04-22,Bryan Mbuemo,0.0,0.0,0.0,0,0.0,0
2025-04-22,Carlos Baleba,2.2414285714285715,5.930262581514775,1.120714285714286,0,0.0,0
2025-04-22,Ilaix Moriba,21.285714285714285,35.99404712687125,3.1785714285714293,1,16.0,0
2025-04-22,Ismaila Sarr,6.200000000000001,10.713836847740403,0.8760714285714287,0,0.0,0
2025-04-22,Kamaldeen Sulemana,0.0,0.0,0.0,0,0.0,0
2025-04-22,Mohamed Salah,26.532857142857143,11.119296611875104,-1.7853571428571409,2,14.29,0
2025-04-22,Mohammed Kudus,2.597142857142857,4.435465831551083,0.6492857142857144,0,0.0,0
2025-04-22,Samuel Chukwueze,7.142857142857143,18.89822365046136,1.7857142857142856,0,0.0,0
2025-04-22,Serhou Guirassy,17.714285714285715,24.77710156383837,-8.142857142857144,1,4.0,0
2025-04-23,Achraf Hakimi,1.5714285714285714,0.7867957924694431,-0.24999999999999994,0,1.0,0
2025-04-23,Ademola Lookman,21.43,8.12924760766128,0.5950000000000005,0,16.67,0
2025-04-23,Antoine Semenyo,18.369999999999997,13.588246146332992,-0.5092857142857146,0,14.29,0
2025-04-23,Bilal El Khannouss,19.047142857142855,37.7962373410748,1.190357142857144,1,0.0,0
2025-04-23,Bryan Mbuemo,0.0,0.0,0.0,0,0.0,0
2025-04-23,Carlos Baleba,2.2414285714285715,5.930262581514775,0.5603571428571427,0,0.0,0
2025-04-23,Ilaix Moriba,21.285714285714285,35.99404712687125,-2.1428571428571423,1,0.0,0
2025-04-23,Ismaila Sarr,6.200000000000001,10.713836847740403,-0.6739285714285713,0,0.0,0
2025-04-23,Kamaldeen Sulemana,0.0,0.0,0.0,0,0.0,0
2025-04-23,Mohamed Salah,26.192857142857147,11.335617486909296,-3.3160714285714286,2,19.05,0
2025-04-23,Mohammed Kudus,2.597142857142857,4.435465831551083,2.68441302071341e-17,0,0.0,0
2025-04-23,Samuel Chukwueze,14.285714285714286,24.39750182371333,5.357142857142858,0,50.0,0
2025-04-23,Serhou Guirassy,7.714285714285714,4.8892496259407645,-1.8214285714285707,1,3.0,0
2025-04-24,Achraf Hakimi,1.2857142857142858,0.48795003647426666,-0.10714285714285714,0,1.0,0
2025-04-24,Ademola Lookman,21.43,8.12924760766128,-0.5949999999999995,0,16.67,0
2025-04-24,Antoine Semenyo,18.369999999999997,13.58824614633299,-5.101785714285712,0,0.0,0
2025-04-24,Bilal El Khannouss,19.047142857142855,37.7962373410748,-3.571428571428572,1,0.0,0
2025-04-24,Bryan Mbuemo,0.0,0.0,0.0,0,0.0,0
2025-04-24,Carlos Baleba,2.2414285714285715,5.930262581514775,8.842530859931032e-17,0,0.0,0
2025-04-24,Ilaix Moriba,21.285714285714285,35.99404712687125,-7.464285714285712,1,0.0,0
2025-04-24,Ismaila Sarr,6.200000000000001,10.713836847740403,-2.223928571428572,0,0.0,0
2025-04-24,Kamaldeen Sulemana,0.0,0.0,0.0,0,0.0,0
2025-04-24,Mohamed Salah,22.111428571428576,7.981876196675041,-1.6153571428571418,2,16.67,0
2025-04-24,Mohammed Kudus,3.8957142857142855,4.858809377967875,0.3246428571428572,0,9.09,0
2025-04-24,Samuel Chukwueze,14.285714285714286,24.39750182371333,1.785714285714286,0,0.0,0
2025-04-24,Serhou Guirassy,5.714285714285714,2.9277002188455996,-1.0000000000000004,1,3.0,0
2025-04-25,Achraf Hakimi,1.4285714285714286,0.5345224838248488,-0.07142857142857148,0,2.0,0
2025-04-25,Ademola Lookman,21.43,8.12924760766128,-1.7850000000000006,0,16.67,0
2025-04-25,Antoine Semenyo,14.288571428571426,14.28666677777037,-5.612857142857142,0,0.0,0
2025-04-25,Bilal El Khannouss,19.047142857142855,37.7962373410748,-8.333214285714282,1,0.0,0
2025-04-25,Bryan Mbuemo,0.0,0.0,0.0,0,0.0,0
2025-04-25,Carlos Baleba,2.2414285714285715,5.930262581514775,-0.5603571428571428,0,0.0,0
2025-04-25,Ilaix Moriba,22.571428571428573,35.2602568664171,-11.821428571428571,1,9.0,0
2025-04-25,Ismaila Sarr,6.200000000000001,10.713836847740405,-3.773928571428573,0,0.0,0
2025-04-25,Kamaldeen Sulemana,0.0,0.0,0.0,0,0.0,0
2025-04-25,Mohamed Salah,21.09,8.849291873741462,-3.1467857142857163,2,11.9,0
2025-04-25,Mohammed Kudus,5.194285714285714,4.858809377967876,0.32464285714285723,0,9.09,0
2025-04-25,Samuel Chukwueze,14.285714285714286,24.39750182371333,-1.7857142857142871,0,0.0,0
2025-04-25,Serhou Guirassy,5.0,2.886751345948129,-0.9642857142857145,1,3.0,0
2025-04-26,Achraf Hakimi,1.2857142857142858,0.48795003647426666,-0.035714285714285705,0,1.0,0
2025-04-26,Ademola Lookman,21.43,8.12924760766128,-2.9749999999999983,0,16.67,0
2025-04-26,Antoine Semenyo,8.165714285714285,7.638326293857088,-3.0621428571428573,0,0.0,0
2025-04-26,Bilal El Khannouss,19.047142857142855,37.7962373410748,-13.095,1,0.0,0
2025-04-26,Bryan Mbuemo,0.0,0.0,0.0,0,0.0,0
2025-04-26,Carlos Baleba,16.527142857142856,37.26962781062963,9.59357142857143,1,100.0,0
2025-04-26,Ilaix Moriba,8.285714285714286,9.5343988748511,-3.1785714285714293,1,0.0,0
2025-04-26,Ismaila Sarr,17.79,37.38612086501264,8.086071428571428,1,100.0,0
2025-04-26,Kamaldeen Sulemana,0.0,0.0,0.0,0,0.0,0
2025-04-26,Mohamed Salah,20.07,8.57057563216536,-2.6367857142857143,2,19.05,0
2025-04-26,Mohammed Kudus,7.791428571428571,9.71761875593575,3.2464285714285714,0,27.27,0
2025-04-26,Samuel Chukwueze,14.285714285714286,24.39750182371333,-5.357142857142856,0,0.0,0
2025-04-26,Serhou Guirassy,5.428571428571429,3.25868802112869,-0.392857142857143,1,9.0,0
2025-04-27,Achraf Hakimi,1.2857142857142858,0.4879500364742666,0.1428571428571428,0,2.0,0
2025-04-27,Ademola Lookman,19.050000000000004,6.2968881203337235,-1.785,0,16.67,0
2025-04-27,Antoine Semenyo,20.41,35.81581494256413,7.652142857142857,1,100.0,0
2025-04-27,Bilal El Khannouss,4.761428571428572,12.597555885397542,-3.571071428571429,1,0.0,0
2025-04-27,Bryan Mbuemo,0.0,0.0,0.0,0,0.0,0
2025-04-27,Carlos Baleba,23.81,38.463670738330045,10.923928571428572,1,50.98,0
2025-04-27,Ilaix Moriba,4.714285714285714,6.395683067879607,-1.6785714285714284,1,0.0,0
2025-04-27,Ismaila Sarr,21.83285714285714,39.695283814867196,12.803214285714287,1,52.83,0
2025-04-27,Kamaldeen Sulemana,0.0,0.0,0.0,0,0.0,0
2025-04-27,Mohamed Salah,25.851428571428567,23.466015446862315,6.206785714285712,2,78.57,0
2025-04-27,Mohammed Kudus,9.09,9.09,2.2725,0,9.09,0
2025-04-27,Samuel Chukwueze,14.285714285714286,24.39750182371333,3.571428571428572,0,50.0,0
2025-04-27,Serhou Guirassy,4.428571428571429,2.14919697074224,0.2500000000000001,1,4.0,0
2025-04-28,Achraf Hakimi,1.2857142857142858,0.48795003647426666,0.07142857142857148,0,1.0,0
2025-04-28,Ademola Lookman,19.050000000000004,6.296888120333724,1.7850000000000001,0,33.33,0
2025-04-28,Antoine Semenyo,20.409999999999997,35.81581494256413,6.122142857142857,1,14.29,0
2025-04-28,Bilal El Khannouss,0.0,0.0,0.0,1,0.0,0
2025-04-28,Bryan Mbuemo,0.0,0.0,0.0,0,0.0,0
2025-04-28,Carlos Baleba,21.568571428571428,39.45997441651959,7.212857142857143,1,0.0,0
2025-04-28,Ilaix Moriba,3.5714285714285716,6.425396041156863,-1.7142857142857142,1,0.0,0
2025-04-28,Ismaila Sarr,24.258571428571425,38.64363096663814,9.164285714285715,1,16.98,0
2025-04-28,Kamaldeen Sulemana,0.0,0.0,0.0,0,0.0,0
2025-04-28,Mohamed Salah,29.592857142857145,24.699044997924997,7.907500000000001,2,47.62,0
2025-04-28,Mohammed Kudus,7.791428571428573,9.717618755935751,1.2985714285714285,0,0.0,0
2025-04-28,Samuel Chukwueze,14.285714285714286,24.39750182371333,1.589889982837818e-16,0,0.0,0
2025-04-28,Serhou Guirassy,4.285714285714286,2.138089935299395,0.28571428571428564,1,4.0,0
2025-04-29,Achraf Hakimi,2.857142857142857,4.059087394500207,1.1785714285714284,0,12.0,0
2025-04-29,Ademola Lookman,19.050000000000004,6.296888120333724,1.1899999999999993,0,16.67,0
2025-04-29,Antoine Semenyo,20.409999999999997,35.81581494256413,4.592142857142857,1,14.29,0
2025-04-29,Bilal El Khannouss,4.761428571428572,12.597555885397544,3.5710714285714285,1,33.33,0
2025-04-29,Bryan Mbuemo,0.0,0.0,0.0,0,0.0,0
2025-04-29,Carlos Baleba,24.09,38.4017929268934,3.7117857142857145,1,17.65,0
2025-04-29,Ilaix Moriba,1.2857142857142858,3.401680257083045,-0.3214285714285714,1,0.0,0
2025-04-29,Ismaila Sarr,26.145714285714284,37.56914685267813,4.515000000000001,1,13.21,0
2025-04-29,Kamaldeen Sulemana,0.0,0.0,0.0,0,0.0,0
2025-04-29,Mohamed Salah,31.972857142857144,23.763664640430715,5.8667857142857125,2,30.95,0
2025-04-29,Mohammed Kudus,7.791428571428573,9.717618755935751,-0.6492857142857137,0,0.0,0
2025-04-29,Samuel Chukwueze,14.285714285714286,24.39750182371333,-3.571428571428573,0,0.0,0
2025-04-29,Serhou Guirassy,4.857142857142857,2.5448360411214073,0.6428571428571429,1,8.0,0
2025-04-30,Achraf Hakimi,3.142857142857143,3.9761191895520196,0.9285714285714287,0,3.0,0
2025-04-30,Ademola Lookman,21.43,8.129247607661279,2.3799999999999994,0,33.33,0
2025-04-30,Antoine Semenyo,18.368571428571425,36.620980520539234,1.5310714285714289,1,0.0,0
2025-04-30,Bilal El Khannouss,4.761428571428572,12.597555885397544,2.380714285714286,1,0.0,0
2025-04-30,Bryan Mbuemo,0.0,0.0,0.0,0,0.0,0
2025-04-30,Carlos Baleba,27.731428571428573,36.91656828966791,0.42035714285714504,1,25.49,0
2025-04-30,Ilaix Moriba,1.2857142857142858,3.401680257083045,-0.6428571428571429,1,0.0,0
2025-04-30,Ismaila Sarr,26.145714285714284,37.56914685267813,-2.0214285714285696,1,0.0,0
2025-04-30,Kamaldeen Sulemana,0.0,0.0,0.0,0,0.0,0
2025-04-30,Mohamed Salah,31.972857142857144,23.763664640430715,2.6360714285714293,2,19.05,0
2025-04-30,Mohammed Kudus,9.090000000000002,9.09,-1.6232142857142855,0,9.09,0
2025-04-30,Samuel Chukwueze,7.142857142857143,18.89822365046136,3.202477576768309e-16,0,0.0,0
2025-04-30,Serhou Guirassy,5.857142857142857,3.023715784073818,0.9285714285714287,1,10.0,0
2025-05-01,Achraf Hakimi,3.142857142857143,3.9761191895520196,0.39285714285714274,0,1.0,0
2025-05-01,Ademola Lookman,21.43,8.129247607661279,1.1899999999999995,0,16.67,0
2025-05-01,Antoine Semenyo,18.368571428571425,36.620980520539234,-3.0610714285714287,1,0.0,0
2025-05-01,Bilal El Khannouss,14.285714285714286,26.227232575539276,8.333571428571428,1,66.67,0
2025-05-01,Bryan Mbuemo,0.0,0.0,0.0,0,0.0,0
2025-05-01,Carlos Baleba,27.731428571428573,36.91656828966791,-6.512499999999997,1,0.0,0
2025-05-01,Ilaix Moriba,1.2857142857142858,3.401680257083045,-0.9642857142857142,1,0.0,0
2025-05-01,Ismaila Sarr,26.145714285714284,37.56914685267813,-8.557857142857141,1,0.0,0
2025-05-01,Kamaldeen Sulemana,0.0,0.0,0.0,0,0.0,0
2025-05-01,Mohamed Salah,32.652857142857144,23.31668981243958,-0.6796428571428562,2,21.43,0
2025-05-01,Mohammed Kudus,7.791428571428573,9.717618755935751,-2.5971428571428574,0,0.0,0
2025-05-01,Samuel Chukwueze,7.142857142857143,18.89822365046136,-1.785714285714286,0,0.0,0
2025-05-01,Serhou Guirassy,6.0,2.886751345948129,0.32142857142857123,1,4.0,0
2025-05-02,Achraf Hakimi,3.0,4.041451884327381,-1.122553017039387e-16,0,1.0,0
2025-05-02,Ademola Lookman,21.43,8.129247607661279,2.1662787847359432e-16,0,16.67,0
2025-05-02,Antoine Semenyo,18.368571428571425,36.62098052053924,-7.6532142857142915,1,0.0,0
2025-05-02,Bilal El Khannouss,19.047142857142855,26.226929998435907,8.333214285714286,1,33.33,0
2025-05-02,Bryan Mbuemo,0.0,0.0,0.0,0,0.0,0
2025-05-02,Carlos Baleba,27.731428571428573,36.91656828966791,-13.445357142857144,1,0.0,0
2025-05-02,Ilaix Moriba,0.0,0.0,0.0,1,0.0,0
2025-05-02,Ismaila Sarr,26.145714285714284,37.56914685267813,-15.094285714285713,1,0.0,0
2025-05-02,Kamaldeen Sulemana,0.0,0.0,0.0,0,0.0,0
2025-05-02,Mohamed Salah,33.674285714285716,22.394424795130636,-5.101785714285715,2,19.05,0
2025-05-02,Mohammed Kudus,6.492857142857143,10.114418280002914,-3.246428571428572,0,0.0,0
2025-05-02,Samuel Chukwueze,7.142857142857143,18.89822365046136,-3.5714285714285703,0,0.0,0
2025-05-02,Serhou Guirassy,5.857142857142857,3.0783421635988546,-0.5357142857142858,1,2.0,0
2025-05-03,Achraf Hakimi,3.0,4.041451884327381,-0.4999999999999996,0,1.0,0
2025-05-03,Ademola Lookman,26.19142857142857,13.11104423577241,2.3810714285714276,0,50.0,0
2025-05-03,Antoine Semenyo,20.409999999999997,35.815814942564124,-10.714285714285715,1,14.29,0
2025-05-03,Bilal El Khannouss,28.571428571428573,29.992415390434648,10.714642857142858,1,66.67,0
2025-05-03,Bryan Mbuemo,0.0,0.0,0.0,0,0.0,0
2025-05-03,Carlos Baleba,13.445714285714285,19.556381615850157,-6.092500000000003,1,0.0,0
2025-05-03,Ilaix Moriba,0.0,0.0,0.0,1,0.0,0
2025-05-03,Ismaila Sarr,11.860000000000001,19.447434278073803,-7.345000000000002,1,0.0,0
2025-05-03,Kamaldeen Sulemana,5.991428571428571,15.85182999800699,4.493571428571428,0,41.94,0
2025-05-03,Mohamed Salah,34.01428571428572,22.152145010617556,-8.502857142857145,2,21.43,0
2025-05-03,Mohammed Kudus,2.597142857142857,4.435465831551083,-0.9739285714285714,0,0.0,0
2025-05-03,Samuel Chukwueze,7.142857142857143,18.89822365046136,-5.357142857142858,0,0.0,0
2025-05-03,Serhou Guirassy,7.0,5.196152422706632,1.1071428571428572,1,17.0,0
2025-05-04,Achraf Hakimi,2.857142857142857,4.099941927579439,-0.8571428571428565,0,1.0,0
2025-05-04,Ademola Lookman,38.09571428571429,29.9901660866485,8.928928571428573,1,100.0,0
2025-05-04,Antoine Semenyo,6.124285714285714,7.638326293857088,-1.5310714285714284,1,0.0,0
2025-05-04,Bilal El Khannouss,42.857142857142854,37.09090801184108,14.286071428571429,2,100.0,0
2025-05-04,Bryan Mbuemo,0.0,0.0,0.0,0,0.0,0
2025-05-04,Carlos Baleba,12.325714285714286,17.1214269821403,2.4510714285714297,1,43.14,0
2025-05-04,Ilaix Moriba,4.857142857142857,12.850792082313726,3.6428571428571423,1,34.0,0
2025-05-04,Ismaila Sarr,4.312857142857143,7.445572989559444,-2.7628571428571442,1,0.0,0
2025-05-04,Kamaldeen Sulemana,5.991428571428571,15.851829998006991,2.9957142857142864,0,0.0,0
2025-05-04,Mohamed Salah,27.891428571428573,10.797710295199053,-1.9560714285714296,2,35.71,0
2025-05-04,Mohammed Kudus,3.8957142857142855,7.151973753547238,1.6232142857142857,0,18.18,0
2025-05-04,Samuel Chukwueze,0.0,0.0,0.0,0,0.0,0
2025-05-04,Serhou Guirassy,7.714285714285714,5.0568200058365305,0.8928571428571428,1,9.0,0
2025-05-05,Achraf Hakimi,3.0,4.041451884327381,-1.2142857142857144,0,2.0,0
2025-05-05,Ademola Lookman,35.715714285714284,31.07292168278937,5.952500000000003,1,16.67,0
2025-05-05,Antoine Semenyo,4.082857142857143,6.972806021217269,-1.0207142857142861,1,0.0,0
2025-05-05,Bilal El Khannouss,47.61857142857143,32.53138506559034,7.142857142857142,2,33.33,0
2025-05-05,Bryan Mbuemo,0.0,0.0,0.0,0,0.0,0
2025-05-05,Carlos Baleba,15.407142857142857,16.461706791101296,1.680714285714286,1,21.57,0
2025-05-05,Ilaix Moriba,4.857142857142857,12.850792082313726,2.428571428571429,1,0.0,0
2025-05-05,Ismaila Sarr,4.582857142857143,7.9954460252607005,0.6064285714285712,1,18.87,0
2025-05-05,Kamaldeen Sulemana,5.991428571428571,15.851829998006991,1.4978571428571423,0,0.0,0
2025-05-05,Mohamed Salah,23.810000000000002,6.731656556895932,-0.0850000000000001,2,19.05,0
2025-05-05,Mohammed Kudus,5.194285714285714,7.151973753547238,1.6232142857142855,0,9.09,0
2025-05-05,Samuel Chukwueze,7.142857142857143,18.89822365046136,5.357142857142857,0,50.0,0
2025-05-05,Serhou Guirassy,8.0,4.864839839775475,0.1785714285714287,1,6.0,0
2025-05-06,Achraf Hakimi,1.5714285714285714,0.7867957924694431,-0.035714285714285796,0,2.0,0
2025-05-06,Ademola Lookman,35.71571428571429,31.072921682789374,1.1910714285714277,1,16.67,0
2025-05-06,Antoine Semenyo,2.0414285714285714,5.4011123193018555,1.3474900738980814e-16,1,0.0,0
2025-05-06,Bilal El Khannouss,52.38142857142857,32.53138506559034,7.142857142857142,2,66.67,0
2025-05-06,Bryan Mbuemo,0.0,0.0,0.0,0,0.0,0
2025-05-06,Carlos Baleba,12.885714285714284,17.386647996995524,0.35035714285714303,1,0.0,0
2025-05-06,Ilaix Moriba,4.857142857142857,12.850792082313726,1.2142857142857137,1,0.0,0
2025-05-06,Ismaila Sarr,2.6957142857142857,7.132189605684118,1.347857142857143,1,0.0,0
2025-05-06,Kamaldeen Sulemana,5.991428571428571,15.851829998006991,2.4870515508482186e-16,0,0.0,0
2025-05-06,Mohamed Salah,21.770000000000007,6.3608175575157,0.17000000000000096,2,16.67,0
2025-05-06,Mohammed Kudus,5.194285714285714,7.151973753547238,0.32464285714285723,0,0.0,0
2025-05-06,Samuel Chukwueze,7.142857142857143,18.89822365046136,3.571428571428572,0,0.0,0
2025-05-06,Serhou Guirassy,8.285714285714286,4.923220007078217,0.39285714285714257,1,10.0,0
2025-05-07,Achraf Hakimi,5.0,9.71253485622231,2.892857142857143,0,27.0,0
2025-05-07,Ademola Lookman,35.715714285714284,31.07292168278937,0.5946428571428561,1,33.33,0
2025-05-07,Antoine Semenyo,2.0414285714285714,5.4011123193018555,-0.5103571428571428,1,0.0,0
2025-05-07,Bilal El Khannouss,61.90571428571429,23.004025631138898,1.1907142857142885,2,66.67,0
2025-05-07,Bryan Mbuemo,0.0,0.0,0.0,0,0.0,0
2025-05-07,Carlos Baleba,9.244285714285715,16.971185243565888,0.770357142857143,1,0.0,0
2025-05-07,Ilaix Moriba,4.857142857142857,12.850792082313726,1.6179500518269156e-16,1,0.0,0
2025-05-07,Ismaila Sarr,2.6957142857142857,7.132189605684119,0.6739285714285713,1,0.0,0
2025-05-07,Kamaldeen Sulemana,5.991428571428571,15.851829998006991,-1.4978571428571426,0,0.0,0
2025-05-07,Mohamed Salah,21.43,6.589921597915006,-0.7649999999999987,2,16.67,0
2025-05-07,Mohammed Kudus,5.194285714285714,7.151973753547238,1.2985714285714287,0,9.09,0
2025-05-07,Samuel Chukwueze,7.142857142857143,18.89822365046136,1.7857142857142856,0,0.0,0
2025-05-07,Serhou Guirassy,7.857142857142857,4.879500364742666,0.5000000000000002,1,7.0,0
2025-05-08,Achraf Hakimi,6.857142857142857,10.05698051817031,3.2857142857142856,0,14.0,0
2025-05-08,Ademola Lookman,35.71571428571429,31.072921682789374,-4.166785714285715,1,16.67,1
2025-05-08,Antoine Semenyo,2.0414285714285714,5.4011123193018555,-1.020714285714286,1,0.0,0
2025-05-08,Bilal El Khannouss,57.142857142857146,25.199836450716447,-1.1903571428571393,2,33.33,0
2025-05-08,Bryan Mbuemo,0.0,0.0,0.0,0,0.0,0
2025-05-08,Carlos Baleba,9.244285714285715,16.971185243565888,-1.540714285714286,1,0.0,0
2025-05-08,Ilaix Moriba,4.857142857142857,12.850792082313724,-1.2142857142857144,1,0.0,1
2025-05-08,Ismaila Sarr,2.6957142857142857,7.132189605684119,1.4728492724439378e-16,1,0.0,0
2025-05-08,Kamaldeen Sulemana,5.991428571428571,15.851829998006993,-2.995714285714284,0,0.0,1
2025-05-08,Mohamed Salah,20.409999999999997,7.1210860594902705,-1.5299999999999985,2,14.29,0
2025-05-08,Mohammed Kudus,7.791428571428571,8.178594884557755,1.9478571428571432,0,18.18,1
2025-05-08,Samuel Chukwueze,7.142857142857143,18.89822365046136,3.202477576768309e-16,0,0.0,1
2025-05-08,Serhou Guirassy,7.857142857142857,4.879500364742666,-0.46428571428571414,1,4.0,0
2025-05-09,Achraf Hakimi,7.428571428571429,9.778499251881529,2.25,0,5.0,0
2025-05-09,Ademola Lookman,35.71571428571429,31.072921682789378,-8.928214285714285,1,16.67,1
2025-05-09,Antoine Semenyo,2.0414285714285714,5.4011123193018555,-1.5310714285714284,1,0.0,0
2025-05-09,Bilal El Khannouss,57.142857142857146,25.199836450716447,-7.1435714285714225,2,33.33,0
2025-05-09,Bryan Mbuemo,0.0,0.0,0.0,0,0.0,0
2025-05-09,Carlos Baleba,12.605714285714287,17.164193210618105,-1.3307142857142875,1,23.53,0
2025-05-09,Ilaix Moriba,4.857142857142857,12.850792082313724,-2.428571428571428,1,0.0,1
2025-05-09,Ismaila Sarr,2.6957142857142857,7.132189605684119,-0.6739285714285713,1,0.0,0
2025-05-09,Kamaldeen Sulemana,5.991428571428571,15.851829998006993,-4.493571428571428,0,0.0,1
2025-05-09,Mohamed Salah,19.729999999999997,7.490295944309099,-2.38,2,14.29,0
2025-05-09,Mohammed Kudus,9.09,7.42195392063303,0.9739285714285713,0,9.09,1
2025-05-09,Samuel Chukwueze,14.285714285714286,24.39750182371333,3.571428571428572,0,50.0,1
2025-05-09,Serhou Guirassy,7.857142857142857,4.879500364742666,-1.928571428571429,1,2.0,0
2025-05-10,Achraf Hakimi,7.857142857142857,9.511897312113419,0.9642857142857142,0,4.0,0
2025-05-10,Ademola Lookman,33.33428571428572,30.4278139521189,-7.143214285714288,1,33.33,1
2025-05-10,Antoine Semenyo,4.081428571428572,10.798444993873623,3.0610714285714287,1,28.57,0
2025-05-10,Bilal El Khannouss,52.379999999999995,26.22874568102715,-8.333928571428576,2,33.33,0
2025-05-10,Bryan Mbuemo,0.0,0.0,0.0,0,0.0,0
2025-05-10,Carlos Baleba,17.647142857142857,18.006563353664237,-0.7010714285714287,1,35.29,0
2025-05-10,Ilaix Moriba,10.428571428571429,17.86856777376727,0.5357142857142855,1,39.0,1
2025-05-10,Ismaila Sarr,2.6957142857142857,7.13218960568412,-1.3478571428571429,1,0.0,0
2025-05-10,Kamaldeen Sulemana,10.598571428571429,28.041184252554565,7.948928571428572,0,74.19,0
2025-05-10,Mohamed Salah,19.73,7.4902959443091,-1.955000000000001,2,21.43,0
2025-05-10,Mohammed Kudus,10.388571428571428,6.272695934421999,-0.3246428571428575,0,9.09,1
2025-05-10,Samuel Chukwueze,21.428571428571427,26.726124191242437,5.357142857142858,0,50.0,0
2025-05-10,Serhou Guirassy,6.0,2.886751345948129,-1.0357142857142856,1,4.0,0
2025-05-11,Achraf Hakimi,8.142857142857142,9.299257522845062,-0.5357142857142855,0,3.0,0
2025-05-11,Ademola Lookman,23.810000000000002,8.905144580521977,2.3800000000000003,1,33.33,1
2025-05-11,Antoine Semenyo,4.081428571428572,10.798444993873623,2.0407142857142855,1,0.0,0
2025-05-11,Bilal El Khannouss,42.85571428571428,16.268254216052053,-3.5721428571428606,2,33.33,0
2025-05-11,Bryan Mbuemo,0.0,0.0,0.0,0,0.0,0
2025-05-11,Carlos Baleba,11.484285714285715,14.950407861931232,1.0499999999999996,1,0.0,0
2025-05-11,Ilaix Moriba,7.0,14.594519519326424,3.857142857142857,1,10.0,0
2025-05-11,Ismaila Sarr,2.6957142857142857,7.13218960568412,-2.0217857142857145,1,0.0,1
2025-05-11,Kamaldeen Sulemana,10.598571428571429,28.041184252554565,5.299285714285716,0,0.0,1
2025-05-11,Mohamed Salah,20.41142857142857,9.206690372715247,2.5510714285714284,1,40.48,0
2025-05-11,Mohammed Kudus,12.985714285714286,11.566279806896794,3.571071428571429,0,36.36,1
2025-05-11,Samuel Chukwueze,21.428571428571427,26.726124191242437,-1.8324486359953392e-15,0,0.0,0
2025-05-11,Serhou Guirassy,6.0,2.886751345948129,-0.2857142857142862,1,9.0,0
2025-05-12,Achraf Hakimi,8.285714285714286,9.19627253681776,-1.9642857142857142,0,3.0,0
2025-05-12,Ademola Lookman,35.714285714285715,29.54590206054688,9.523214285714287,2,100.0,1
2025-05-12,Antoine Semenyo,4.081428571428572,10.798444993873622,1.0203571428571425,1,0.0,0
2025-05-12,Bilal El Khannouss,42.85571428571428,16.268254216052053,-5.953571428571433,2,33.33,0
2025-05-12,Bryan Mbuemo,0.0,0.0,0.0,0,0.0,0
2025-05-12,Carlos Baleba,8.402857142857142,14.746688570981751,1.2603571428571427,1,0.0,0
2025-05-12,Ilaix Moriba,8.857142857142858,14.38087354125346,3.5000000000000004,1,13.0,1
2025-05-12,Ismaila Sarr,0.0,0.0,0.0,1,0.0,1
2025-05-12,Kamaldeen Sulemana,10.598571428571429,28.041184252554565,2.6496428571428567,0,0.0,1
2025-05-12,Mohamed Salah,20.41142857142857,9.206690372715247,2.210714285714285,0,19.05,0
2025-05-12,Mohammed Kudus,12.985714285714286,11.566279806896796,2.5971428571428574,0,9.09,0
2025-05-12,Samuel Chukwueze,14.285714285714286,24.39750182371333,1.7857142857142856,0,0.0,0
2025-05-12,Serhou Guirassy,5.714285714285714,2.984084768360628,-0.5000000000000001,1,4.0,0
2025-05-13,Achraf Hakimi,8.285714285714286,9.19627253681776,-3.535714285714286,0,2.0,0
2025-05-13,Ademola Lookman,40.47571428571428,28.63698183418477,8.333214285714284,2,50.0,1
2025-05-13,Antoine Semenyo,6.122857142857143,11.239983265535754,1.5310714285714289,1,14.29,0
2025-05-13,Bilal El Khannouss,33.33142857142856,19.245971378075836,-7.143214285714287,2,0.0,0
2025-05-13,Bryan Mbuemo,0.0,0.0,0.0,0,0.0,0
2025-05-13,Carlos Baleba,8.402857142857142,14.746688570981751,-0.8403571428571424,1,0.0,1
2025-05-13,Ilaix Moriba,13.142857142857142,15.710172621888145,4.500000000000001,1,30.0,0
2025-05-13,Ismaila Sarr,0.0,0.0,0.0,1,0.0,1
2025-05-13,Kamaldeen Sulemana,10.598571428571429,28.041184252554565,5.422282145393418e-16,0,0.0,1
2025-05-13,Mohamed Salah,20.071428571428573,9.409598695961884,1.020357142857142,0,14.29,0
2025-05-13,Mohammed Kudus,14.284285714285716,10.307091178961628,0.3246428571428573,0,9.09,0
2025-05-13,Samuel Chukwueze,14.285714285714286,24.39750182371333,-1.7857142857142851,0,0.0,0
2025-05-13,Serhou Guirassy,4.571428571428571,2.5727509827123995,-0.28571428571428564,1,2.0,0
2025-05-14,Achraf Hakimi,4.714285714285714,4.23140188409963,-1.5357142857142858,0,2.0,0
2025-05-14,Ademola Lookman,40.47571428571428,28.63698183418477,6.546785714285713,2,33.33,0
2025-05-14,Antoine Semenyo,8.164285714285715,11.2402859648422,1.5314285714285716,1,14.29,0
2025-05-14,Bilal El Khannouss,23.807142857142853,16.263374715687302,-5.951785714285715,2,0.0,0
2025-05-14,Bryan Mbuemo,0.0,0.0,0.0,0,0.0,0
2025-05-14,Carlos Baleba,8.402857142857142,14.746688570981751,-2.941071428571429,1,0.0,1
2025-05-14,Ilaix Moriba,13.142857142857142,15.710172621888145,1.2142857142857146,1,0.0,0
2025-05-14,Ismaila Sarr,0.0,0.0,0.0,1,0.0,1
2025-05-14,Kamaldeen Sulemana,10.598571428571429,28.041184252554565,-2.6496428571428567,0,0.0,1
2025-05-14,Mohamed Salah,20.071428571428573,9.409598695961884,0.1699999999999995,0,16.67,0
2025-05-14,Mohammed Kudus,14.284285714285716,10.307091178961628,-0.9739285714285721,0,9.09,0
2025-05-14,Samuel Chukwueze,21.428571428571427,26.72612419124244,1.146956066965548e-15,0,50.0,0
2025-05-14,Serhou Guirassy,3.857142857142857,2.47847879612821,-0.21428571428571427,1,2.0,0
2025-05-15,Achraf Hakimi,3.0,1.1547005383792515,-0.5000000000000003,0,2.0,0
2025-05-15,Ademola Lookman,40.47571428571428,28.63698183418477,0.5953571428571451,2,16.67,0
2025-05-15,Antoine Semenyo,10.205714285714285,10.799390194424337,1.0214285714285705,1,14.29,0
2025-05-15,Bilal El Khannouss,19.045714285714286,17.81563438588221,-7.142142857142857,2,0.0,0
2025-05-15,Bryan Mbuemo,0.0,0.0,0.0,0,0.0,0
2025-05-15,Carlos Baleba,8.402857142857142,14.746688570981751,-5.041785714285716,1,0.0,1
2025-05-15,Ilaix Moriba,13.142857142857142,15.710172621888145,-2.0714285714285734,1,0.0,0
2025-05-15,Ismaila Sarr,0.0,0.0,0.0,1,0.0,1
2025-05-15,Kamaldeen Sulemana,10.598571428571429,28.041184252554565,-5.299285714285718,0,0.0,1
2025-05-15,Mohamed Salah,20.071428571428573,9.409598695961884,-1.2753571428571426,0,14.29,0
2025-05-15,Mohammed Kudus,12.985714285714286,10.307091178961628,-0.973928571428571,0,9.09,0
2025-05-15,Samuel Chukwueze,21.428571428571427,26.72612419124244,-5.357142857142858,0,0.0,0
2025-05-15,Serhou Guirassy,3.857142857142857,2.47847879612821,-0.17857142857142824,0,4.0,0
2025-05-16,Achraf Hakimi,2.5714285714285716,0.7867957924694432,-0.3214285714285715,0,2.0,0
2025-05-16,Ademola Lookman,40.47571428571429,28.63698183418477,-5.3560714285714255,2,16.67,0
2025-05-16,Antoine Semenyo,12.247142857142856,9.858276918890228,0.0010714285714285795,1,14.29,0
2025-05-16,Bilal El Khannouss,14.284285714285714,17.815634385882205,-7.142142857142857,2,0.0,0
2025-05-16,Bryan Mbuemo,0.0,0.0,0.0,0,0.0,0
2025-05-16,Carlos Baleba,5.041428571428571,13.338366252495629,-3.781071428571429,1,0.0,1
2025-05-16,Ilaix Moriba,14.857142857142858,14.65638167521315,-4.071428571428573,1,12.0,0
2025-05-16,Ismaila Sarr,0.0,0.0,0.0,1,0.0,1
2025-05-16,Kamaldeen Sulemana,10.598571428571429,28.041184252554565,-7.948928571428573,0,0.0,1
2025-05-16,Mohamed Salah,20.41142857142857,9.206690372715247,-2.465714285714285,0,16.67,0
2025-05-16,Mohammed Kudus,11.68714285714286,11.394918040199201,-2.921785714285713,0,0.0,0
2025-05-16,Samuel Chukwueze,14.285714285714286,24.39750182371333,-3.571428571428573,0,0.0,0
2025-05-16,Serhou Guirassy,4.142857142857143,2.3401261667248794,-0.4285714285714291,0,4.0,0
2025-05-17,Achraf Hakimi,2.4285714285714284,0.5345224838248487,-0.07142857142857138,0,3.0,0
2025-05-17,Ademola Lookman,42.857142857142854,28.63684323517853,-5.356428571428575,2,50.0,0
2025-05-17,Antoine Semenyo,8.165714285714285,7.638326293857088,1.020714285714286,1,0.0,0
2025-05-17,Bilal El Khannouss,14.284285714285714,17.815634385882205,-2.3807142857142853,2,33.33,0
2025-05-17,Bryan Mbuemo,0.0,0.0,0.0,0,0.0,0
2025-05-17,Carlos Baleba,0.0,0.0,0.0,1,0.0,1
2025-05-17,Ilaix Moriba,9.285714285714286,10.873734190152677,-2.214285714285714,1,0.0,0
2025-05-17,Ismaila Sarr,5.121428571428572,13.550026357380796,3.841071428571428,1,35.85,0
2025-05-17,Kamaldeen Sulemana,0.0,0.0,0.0,0,0.0,1
2025-05-17,Mohamed Salah,20.071428571428573,9.206751921952765,-2.466071428571427,0,19.05,0
2025-05-17,Mohammed Kudus,10.38857142857143,12.227735452066105,-4.545,0,0.0,0
2025-05-17,Samuel Chukwueze,7.142857142857143,18.89822365046136,3.202477576768309e-16,0,0.0,0
2025-05-17,Serhou Guirassy,5.142857142857143,3.484660262185848,0.28571428571428564,0,11.0,0
2025-05-18,Achraf Hakimi,2.2857142857142856,0.4879500364742666,-0.03571428571428573,0,2.0,0
2025-05-18,Ademola Lookman,42.857142857142854,28.63684323517853,-7.738214285714288,2,33.33,1
2025-05-18,Antoine Semenyo,8.165714285714285,7.638326293857088,-1.0207142857142852,1,0.0,1
2025-05-18,Bilal El Khannouss,14.284285714285714,17.81563438588221,2.380714285714285,2,33.33,0
2025-05-18,Bryan Mbuemo,0.0,0.0,0.0,0,0.0,0
2025-05-18,Carlos Baleba,0.0,0.0,0.0,1,0.0,1
2025-05-18,Ilaix Moriba,7.857142857142857,11.408017231002813,-3.107142857142858,1,0.0,1
2025-05-18,Ismaila Sarr,8.355714285714287,14.770840482905115,4.986428571428571,1,22.64,1
2025-05-18,Kamaldeen Sulemana,5.991428571428571,15.85182999800699,4.493571428571428,0,41.94,0
2025-05-18,Mohamed Salah,17.69,3.325517503587474,0.8500000000000005,0,23.81,1
2025-05-18,Mohammed Kudus,9.09,9.09,0.9739285714285718,0,27.27,0
2025-05-18,Samuel Chukwueze,7.142857142857143,18.89822365046136,-1.785714285714286,0,0.0,0
2025-05-18,Serhou Guirassy,4.571428571428571,3.0472470011002204,0.8214285714285714,0,5.0,0
2025-05-19,Achraf Hakimi,2.0,0.5773502691896257,-0.07142857142857137,0,1.0,0
2025-05-19,Ademola Lookman,33.332857142857144,13.606915783632125,-0.5957142857142864,2,33.33,1
2025-05-19,Antoine Semenyo,8.165714285714285,7.638326293857088,-3.0621428571428573,1,0.0,1
2025-05-19,Bilal El Khannouss,9.522857142857143,16.263374715687306,3.5710714285714285,2,0.0,0
2025-05-19,Bryan Mbuemo,0.0,0.0,0.0,0,0.0,1
2025-05-19,Carlos Baleba,11.764285714285714,31.12537435230986,8.823214285714284,2,82.35,1
2025-05-19,Ilaix Moriba,8.857142857142858,12.212405870378577,-1.0714285714285725,0,20.0,0
2025-05-19,Ismaila Sarr,8.355714285714287,14.770840482905115,2.8975,1,0.0,1
2025-05-19,Kamaldeen Sulemana,5.991428571428571,15.851829998006991,2.9957142857142864,0,0.0,0
2025-05-19,Mohamed Salah,19.73,6.831095568550235,2.72,0,33.33,1
2025-05-19,Mohammed Kudus,7.791428571428571,9.717618755935751,4.064047800077493e-16,0,0.0,0
2025-05-19,Samuel Chukwueze,7.142857142857143,18.89822365046136,-3.5714285714285703,0,0.0,0
2025-05-19,Serhou Guirassy,4.428571428571429,3.101458950082625,0.5714285714285716,0,3.0,0
2025-05-20,Achraf Hakimi,1.8571428571428572,0.6900655593423541,-0.17857142857142858,0,1.0,0
2025-05-20,Ademola Lookman,28.571428571428573,12.596611222297616,3.179779965675636e-16,2,16.67,1
2025-05-20,Antoine Semenyo,12.247142857142856,15.273311924492905,1.5299999999999998,1,42.86,0
2025-05-20,Bilal El Khannouss,9.522857142857143,16.263374715687306,1.190357142857143,1,0.0,0
2025-05-20,Bryan Mbuemo,0.0,0.0,0.0,0,0.0,1
2025-05-20,Carlos Baleba,15.405714285714284,31.010509969547883,8.613214285714285,2,25.49,0
2025-05-20,Ilaix Moriba,6.0,8.082903768654761,2.0714285714285716,0,10.0,0
2025-05-20,Ismaila Sarr,10.781428571428572,14.562726883578991,2.6278571428571427,1,16.98,0
2025-05-20,Kamaldeen Sulemana,5.991428571428571,15.851829998006991,1.4978571428571423,0,0.0,0
2025-05-20,Mohamed Salah,20.75,6.403082590960908,2.124999999999999,0,21.43,1
2025-05-20,Mohammed Kudus,6.492857142857143,10.114418280002916,-0.649285714285714,0,0.0,0
2025-05-20,Samuel Chukwueze,7.142857142857143,18.89822365046136,-5.357142857142858,0,0.0,0
2025-05-20,Serhou Guirassy,4.428571428571429,3.101458950082625,-0.03571428571428524,0,2.0,0
2025-05-21,Achraf Hakimi,1.8571428571428572,0.6900655593423541,-0.14285714285714288,0,2.0,0
2025-05-21,Ademola Lookman,26.191428571428577,13.11104423577241,-0.5953571428571419,2,16.67,1
2025-05-21,Antoine Semenyo,12.247142857142856,15.273311924492903,2.0407142857142864,1,14.29,0
2025-05-21,Bilal El Khannouss,9.522857142857143,16.263374715687306,-1.190357142857143,1,0.0,0
2025-05-21,Bryan Mbuemo,0.0,0.0,0.0,0,0.0,1
2025-05-21,Carlos Baleba,18.207142857142856,30.263603946151616,6.862857142857142,2,19.61,0
2025-05-21,Ilaix Moriba,6.0,8.082903768654761,0.5714285714285714,0,0.0,1
2025-05-21,Ismaila Sarr,12.937142857142858,13.797541706509065,1.5492857142857146,1,15.09,0
2025-05-21,Kamaldeen Sulemana,5.991428571428571,15.851829998006991,2.4870515508482186e-16,0,0.0,0
2025-05-21,Mohamed Salah,21.430000000000003,6.145133575982434,1.6149999999999998,0,21.43,1
2025-05-21,Mohammed Kudus,6.492857142857143,10.114418280002914,-4.024152923778637e-16,0,9.09,0
2025-05-21,Samuel Chukwueze,0.0,0.0,0.0,0,0.0,0
2025-05-21,Serhou Guirassy,4.428571428571429,3.101458950082625,-0.6428571428571429,0,2.0,0
2025-05-22,Achraf Hakimi,1.7142857142857142,0.7559289460184545,-0.21428571428571433,0,1.0,0
2025-05-22,Ademola Lookman,26.191428571428577,13.11104423577241,-2.975714285714286,2,16.67,1
2025-05-22,Antoine Semenyo,10.205714285714285,15.897020535457639,1.0203571428571425,1,0.0,0
2025-05-22,Bilal El Khannouss,9.522857142857143,16.263374715687306,-3.5710714285714276,1,0.0,0
2025-05-22,Bryan Mbuemo,0.0,0.0,0.0,0,0.0,1
2025-05-22,Carlos Baleba,18.207142857142856,30.263603946151616,2.3110714285714287,2,0.0,0
2025-05-22,Ilaix Moriba,7.428571428571429,7.7213371652225895,0.142857142857143,0,10.0,1
2025-05-22,Ismaila Sarr,12.937142857142858,13.797541706509067,-1.6849999999999994,1,0.0,0
2025-05-22,Kamaldeen Sulemana,5.991428571428571,15.851829998006991,-1.4978571428571426,0,0.0,0
2025-05-22,Mohamed Salah,21.77,5.736502999795839,0.08499999999999938,0,16.67,1
2025-05-22,Mohammed Kudus,5.194285714285714,10.307091178961628,-0.32464285714285707,0,0.0,0
2025-05-22,Samuel Chukwueze,0.0,0.0,0.0,0,0.0,0
2025-05-22,Serhou Guirassy,4.142857142857143,3.236694374850748,-0.9642857142857137,0,2.0,0
2025-05-23,Achraf Hakimi,1.7142857142857142,0.7559289460184545,-0.14285714285714285,0,2.0,0
2025-05-23,Ademola Lookman,28.571428571428573,12.596611222297616,-3.571071428571429,2,33.33,1
2025-05-23,Antoine Semenyo,8.164285714285715,16.199767341068878,0.5103571428571427,1,0.0,0
2025-05-23,Bilal El Khannouss,14.284285714285714,17.815634385882205,-2.3807142857142853,1,33.33,0
2025-05-23,Bryan Mbuemo,0.0,0.0,0.0,0,0.0,1
2025-05-23,Carlos Baleba,18.207142857142856,30.263603946151616,-2.240714285714285,2,0.0,0
2025-05-23,Ilaix Moriba,7.285714285714286,7.631388814501279,1.1785714285714286,0,11.0,0
2025-05-23,Ismaila Sarr,12.937142857142858,13.797541706509067,-4.919285714285714,1,0.0,0
2025-05-23,Kamaldeen Sulemana,5.991428571428571,15.851829998006993,-2.995714285714284,0,0.0,0
2025-05-23,Mohamed Salah,21.770000000000007,5.736502999795838,-1.1900000000000002,0,16.67,1
2025-05-23,Mohammed Kudus,5.194285714285714,10.307091178961628,-1.6232142857142855,0,0.0,1
2025-05-23,Samuel Chukwueze,0.0,0.0,0.0,0,0.0,0
2025-05-23,Serhou Guirassy,3.857142857142857,3.3380918415851206,-1.2142857142857149,0,2.0,0
2025-05-24,Achraf Hakimi,2.0,1.4142135623730951,0.39285714285714274,0,5.0,1
2025-05-24,Ademola Lookman,28.571428571428573,12.596611222297616,1.7860714285714274,2,50.0,1
2025-05-24,Antoine Semenyo,10.205714285714285,15.897020535457639,0.00035714285714328226,1,14.29,0
2025-05-24,Bilal El Khannouss,14.284285714285714,17.81563438588221,2.380714285714285,1,33.33,0
2025-05-24,Bryan Mbuemo,0.0,0.0,0.0,0,0.0,1
2025-05-24,Carlos Baleba,18.207142857142856,30.263603946151616,-6.792499999999998,2,0.0,1
2025-05-24,Ilaix Moriba,9.142857142857142,7.128079952520442,0.749999999999999,0,13.0,0
2025-05-24,Ismaila Sarr,7.815714285714287,10.008332956663091,-3.0321428571428584,1,0.0,0
2025-05-24,Kamaldeen Sulemana,5.991428571428571,15.851829998006993,-4.493571428571428,0,0.0,0
2025-05-24,Mohamed Salah,23.47,6.507544339713201,-0.5949999999999995,0,30.95,1
2025-05-24,Mohammed Kudus,5.194285714285714,10.307091178961628,-2.921785714285715,0,0.0,1
2025-05-24,Samuel Chukwueze,0.0,0.0,0.0,0,0.0,1
2025-05-24,Serhou Guirassy,2.7142857142857144,1.1126972805283737,-0.2857142857142857,0,3.0,0
2025-05-25,Achraf Hakimi,2.142857142857143,1.4638501094227998,0.5,0,3.0,1
2025-05-25,Ademola Lookman,30.952857142857145,14.993826189786375,4.761785714285714,2,50.0,0
2025-05-25,Antoine Semenyo,14.287142857142856,16.496340719773496,0.5099999999999999,1,28.57,0
2025-05-25,Bilal El Khannouss,14.284285714285714,17.81563438588221,7.142142857142857,1,33.33,0
2025-05-25,Bryan Mbuemo,0.0,0.0,0.0,0,0.0,1
2025-05-25,Carlos Baleba,22.68857142857143,29.42927308456181,-7.9832142857142845,2,31.37,1
2025-05-25,Ilaix Moriba,10.857142857142858,5.899959644736887,-0.25000000000000044,0,12.0,0
2025-05-25,Ismaila Sarr,8.894285714285715,12.06721710136304,1.482857142857143,1,30.19,0
2025-05-25,Kamaldeen Sulemana,0.0,0.0,0.0,0,0.0,0
2025-05-25,Mohamed Salah,30.61285714285714,20.12852843957693,4.847142857142857,0,73.81,0
2025-05-25,Mohammed Kudus,3.8957142857142855,7.151973753547238,1.6232142857142857,0,18.18,1
2025-05-25,Samuel Chukwueze,0.0,0.0,0.0,0,0.0,1
2025-05-25,Serhou Guirassy,2.2857142857142856,0.4879500364742666,-0.03571428571428573,0,2.0,0
2025-05-26,Achraf Hakimi,2.2857142857142856,1.3801311186847083,0.3214285714285715,0,2.0,1
2025-05-26,Ademola Lookman,30.952857142857145,14.993826189786374,5.356071428571428,2,33.33,0
2025-05-26,Antoine Semenyo,16.328571428571426,15.272421144633473,-1.5307142857142857,1,14.29,0
2025-05-26,Bilal El Khannouss,14.284285714285714,17.81563438588221,3.5710714285714285,1,0.0,0
2025-05-26,Bryan Mbuemo,7.142857142857143,18.89822365046136,5.357142857142857,0,50.0,1
2025-05-26,Carlos Baleba,13.165714285714285,13.236269435586019,-0.2100000000000001,1,15.69,1
2025-05-26,Ilaix Moriba,9.285714285714286,4.3094580368566735,0.8571428571428571,0,9.0,0
2025-05-26,Ismaila Sarr,8.894285714285715,12.06721710136304,-0.7407142857142864,0,0.0,0
2025-05-26,Kamaldeen Sulemana,0.0,0.0,0.0,0,0.0,0
2025-05-26,Mohamed Salah,31.294285714285714,20.315716294815417,6.037499999999999,0,38.1,0
2025-05-26,Mohammed Kudus,5.194285714285714,7.151973753547238,1.6232142857142855,0,9.09,1
2025-05-26,Samuel Chukwueze,0.0,0.0,0.0,0,0.0,1
2025-05-26,Serhou Guirassy,2.142857142857143,0.37796447300922725,0.0357142857142856,0,2.0,0
2025-05-27,Achraf Hakimi,2.2857142857142856,1.3801311186847083,-5.503027374085838e-17,0,1.0,1
2025-05-27,Ademola Lookman,30.952857142857145,14.993826189786375,1.7853571428571438,2,16.67,0
2025-05-27,Antoine Semenyo,12.247142857142856,9.858276918890228,2.0410714285714286,0,14.29,0
2025-05-27,Bilal El Khannouss,14.284285714285714,17.81563438588221,2.9928321076471014e-16,1,0.0,0
2025-05-27,Bryan Mbuemo,13.605714285714287,23.276774445172354,8.418571428571429,0,45.24,1
2025-05-27,Carlos Baleba,9.524285714285714,12.779025598146958,0.13999999999999993,1,0.0,1
2025-05-27,Ilaix Moriba,7.857142857142857,5.520524474738834,-0.03571428571428515,0,0.0,0
2025-05-27,Ismaila Sarr,6.468571428571429,11.8760773947341,-0.5385714285714289,0,0.0,0
2025-05-27,Kamaldeen Sulemana,0.0,0.0,0.0,0,0.0,0
2025-05-27,Mohamed Salah,31.294285714285714,20.315716294815417,3.5714285714285703,0,21.43,0
2025-05-27,Mohammed Kudus,6.492857142857143,6.871394119307751,1.2985714285714285,0,9.09,1
2025-05-27,Samuel Chukwueze,0.0,0.0,0.0,0,0.0,1
2025-05-27,Serhou Guirassy,2.142857142857143,0.37796447300922725,-4.745256138007093e-18,0,2.0,0
2025-05-28,Achraf Hakimi,2.2857142857142856,1.3801311186847083,-0.07142857142857126,0,2.0,1
2025-05-28,Ademola Lookman,33.332857142857144,13.606915783632127,-0.0003571428571428503,2,33.33,0
2025-05-28,Antoine Semenyo,10.205714285714285,10.799390194424339,1.0207142857142861,0,0.0,0
2025-05-28,Bilal El Khannouss,14.284285714285714,17.81563438588221,-3.5710714285714285,1,0.0,0
2025-05-28,Bryan Mbuemo,16.66714285714286,22.58814933712345,7.3132142857142854,0,21.43,1
2025-05-28,Carlos Baleba,6.722857142857143,12.341497362267562,0.560357142857143,1,0.0,1
2025-05-28,Ilaix Moriba,9.857142857142858,4.6700667885506535,-0.5000000000000002,0,14.0,0
2025-05-28,Ismaila Sarr,4.312857142857143,11.410747440148569,1.610236097803432e-16,0,0.0,0
2025-05-28,Kamaldeen Sulemana,0.0,0.0,0.0,0,0.0,1
2025-05-28,Mohamed Salah,30.95428571428572,20.527133147083525,0.8503571428571414,0,19.05,0
2025-05-28,Mohammed Kudus,6.492857142857143,6.871394119307751,1.9478571428571427,0,9.09,1
2025-05-28,Samuel Chukwueze,7.142857142857143,18.89822365046136,5.357142857142857,0,50.0,1
2025-05-28,Serhou Guirassy,2.142857142857143,0.37796447300922725,-0.03571428571428585,0,2.0,0
2025-05-29,Achraf Hakimi,2.4285714285714284,1.2724180205607034,-0.28571428571428553,0,2.0,1
2025-05-29,Ademola Lookman,35.71285714285714,11.5006329018388,-2.38107142857143,2,33.33,1
2025-05-29,Antoine Semenyo,10.205714285714285,10.79939019442434,-1.5307142857142864,0,0.0,0
2025-05-29,Bilal El Khannouss,14.284285714285714,17.815634385882205,-7.142142857142857,1,0.0,0
2025-05-29,Bryan Mbuemo,16.66714285714286,22.588149337123447,3.1464285714285714,0,0.0,1
2025-05-29,Carlos Baleba,6.722857142857143,12.341497362267562,-1.1203571428571426,1,0.0,1
2025-05-29,Ilaix Moriba,10.285714285714286,4.820590756130958,-0.14285714285714246,0,13.0,0
2025-05-29,Ismaila Sarr,4.312857142857143,11.41074744014857,-1.0782142857142853,0,0.0,0
2025-05-29,Kamaldeen Sulemana,0.0,0.0,0.0,0,0.0,1
2025-05-29,Mohamed Salah,30.954285714285714,20.527133147083525,-2.7207142857142865,0,16.67,0
2025-05-29,Mohammed Kudus,7.791428571428573,6.272695934422,1.2985714285714287,0,9.09,1
2025-05-29,Samuel Chukwueze,7.142857142857143,18.89822365046136,3.571428571428572,0,0.0,1
2025-05-29,Serhou Guirassy,2.142857142857143,0.3779644730092273,-0.07142857142857141,0,2.0,0
2025-05-30,Achraf Hakimi,2.5714285714285716,1.2724180205607034,-0.28571428571428564,0,3.0,1
2025-05-30,Ademola Lookman,33.332857142857144,13.606915783632129,-4.7617857142857165,2,16.67,1
2025-05-30,Antoine Semenyo,10.205714285714285,10.79939019442434,-4.082142857142857,0,0.0,0
2025-05-30,Bilal El Khannouss,9.522857142857143,16.263374715687306,-5.9517857142857125,1,0.0,0
2025-05-30,Bryan Mbuemo,16.66714285714286,22.588149337123447,-1.0203571428571425,0,0.0,1
2025-05-30,Carlos Baleba,11.764285714285714,15.84744023193531,0.98,1,35.29,1
2025-05-30,Ilaix Moriba,8.714285714285714,6.156684327197709,-1.1428571428571437,0,0.0,0
2025-05-30,Ismaila Sarr,6.738571428571428,12.123655153694957,-0.33714285714285763,0,16.98,0
2025-05-30,Kamaldeen Sulemana,0.0,0.0,0.0,0,0.0,1
2025-05-30,Mohamed Salah,30.954285714285724,20.527133147083525,-6.291785714285718,0,16.67,0
2025-05-30,Mohammed Kudus,9.090000000000002,5.248113946933698,0.3246428571428568,0,9.09,1
2025-05-30,Samuel Chukwueze,7.142857142857143,18.89822365046136,1.7857142857142856,0,0.0,1
2025-05-30,Serhou Guirassy,2.2857142857142856,0.48795003647426655,-3.5747307557036794e-17,0,3.0,0
2025-05-31,Achraf Hakimi,16.142857142857142,36.98390898498324,10.5,1,100.0,1
2025-05-31,Ademola Lookman,30.95142857142857,11.4992527707549,-2.3810714285714307,2,33.33,1
2025-05-31,Antoine Semenyo,8.164285714285715,11.2402859648422,-4.592142857142857,0,0.0,0
2025-05-31,Bilal El Khannouss,4.761428571428572,12.597555885397542,-3.571071428571429,1,0.0,0
2025-05-31,Bryan Mbuemo,16.66714285714286,22.588149337123447,-5.187142857142857,0,0.0,1
2025-05-31,Carlos Baleba,15.965714285714284,16.10515948088568,1.1899999999999995,1,29.41,1
2025-05-31,Ilaix Moriba,8.428571428571429,5.968169536721256,-0.285714285714286,0,11.0,0
2025-05-31,Ismaila Sarr,6.738571428571428,12.123655153694957,-2.0217857142857145,0,0.0,0
2025-05-31,Kamaldeen Sulemana,0.0,0.0,0.0,0,0.0,1
2025-05-31,Mohamed Salah,28.914285714285718,21.225333807459783,-7.822857142857144,0,16.67,0
2025-05-31,Mohammed Kudus,10.38857142857143,3.4356970596538754,-0.9739285714285716,0,9.09,1
2025-05-31,Samuel Chukwueze,21.428571428571427,39.33978962347216,10.714285714285714,1,100.0,0
2025-05-31,Serhou Guirassy,3.0,2.23606797749979,0.7142857142857142,0,8.0,0
2025-06-01,Achraf Hakimi,22.714285714285715,38.32194447795452,12.142857142857142,1,49.0,1
2025-06-01,Ademola Lookman,28.569999999999993,8.12924760766128,0.5949999999999986,2,33.33,1
2025-06-01,Antoine Semenyo,4.082857142857143,6.972806021217269,-2.5517857142857148,0,0.0,0
2025-06-01,Bilal El Khannouss,4.761428571428572,12.597555885397544,3.5710714285714285,1,33.33,0
2025-06-01,Bryan Mbuemo,16.66714285714286,22.588149337123447,-9.353928571428572,0,0.0,1
2025-06-01,Carlos Baleba,15.125714285714285,15.301077148513494,4.411071428571427,1,25.49,1
2025-06-01,Ilaix Moriba,6.714285714285714,6.473388749701496,-0.6785714285714285,0,0.0,0
2025-06-01,Ismaila Sarr,2.4257142857142857,6.4178367516966786,0.6064285714285713,0,0.0,0
2025-06-01,Kamaldeen Sulemana,0.0,0.0,0.0,0,0.0,1
2025-06-01,Mohamed Salah,20.41142857142857,8.116272602148166,-2.976071428571429,0,14.29,0
2025-06-01,Mohammed Kudus,9.090000000000002,1.9186846773327266e-15,4.3407624183145153e-17,0,9.09,1
2025-06-01,Samuel Chukwueze,28.571428571428573,39.33978962347216,10.714285714285715,1,50.0,0
2025-06-01,Serhou Guirassy,3.2857142857142856,2.214669705568283,0.6785714285714286,0,4.0,0
2025-06-02,Achraf Hakimi,25.428571428571427,37.26865145068145,9.0,1,21.0,1
2025-06-02,Ademola Lookman,26.189999999999998,8.905144580521979,-7.395526647534732e-16,2,16.67,1
2025-06-02,Antoine Semenyo,2.0414285714285714,5.4011123193018555,-1.5310714285714284,0,0.0,0
2025-06-02,Bilal El Khannouss,4.761428571428572,12.597555885397544,2.380714285714286,1,0.0,0
2025-06-02,Bryan Mbuemo,23.810000000000002,37.72154512565288,4.336428571428572,1,100.0,1
2025-06-02,Carlos Baleba,16.805714285714284,16.0028673026043,5.812142857142857,1,27.45,0
2025-06-02,Ilaix Moriba,6.571428571428571,6.425396041156863,-0.21428571428571447,0,8.0,0
2025-06-02,Ismaila Sarr,2.4257142857142857,6.4178367516966786,1.496017377007365e-17,0,0.0,0
2025-06-02,Kamaldeen Sulemana,0.0,0.0,0.0,0,0.0,1
2025-06-02,Mohamed Salah,17.009999999999998,2.5443270230062804,-1.1049999999999998,0,14.29,0
2025-06-02,Mohammed Kudus,9.090000000000002,1.9186846773327266e-15,4.3407624183145153e-17,0,9.09,1
2025-06-02,Samuel Chukwueze,28.571428571428573,39.33978962347216,3.571428571428573,1,0.0,0
2025-06-02,Serhou Guirassy,3.4285714285714284,2.1491969707422394,0.46428571428571436,0,3.0,0
2025-06-03,Achraf Hakimi,27.285714285714285,36.15574774829163,4.2857142857142865,1,14.0,1
2025-06-03,Ademola Lookman,26.190000000000005,8.905144580521979,-2.3800000000000003,1,16.67,1
2025-06-03,Antoine Semenyo,2.0414285714285714,5.401112319301856,1.5310714285714284,0,14.29,0
2025-06-03,Bilal El Khannouss,9.522857142857143,16.263374715687302,4.761428571428572,0,33.33,0
2025-06-03,Bryan Mbuemo,29.59142857142857,44.11326422916787,14.030000000000001,2,85.71,1
2025-06-03,Carlos Baleba,20.16714285714286,14.260903097029203,4.131785714285714,1,23.53,0
2025-06-03,Ilaix Moriba,6.571428571428571,6.425396041156862,-1.8571428571428574,0,0.0,0
2025-06-03,Ismaila Sarr,2.4257142857142857,6.4178367516966786,-0.6064285714285715,0,0.0,1
2025-06-03,Kamaldeen Sulemana,0.0,0.0,0.0,0,0.0,1
2025-06-03,Mohamed Salah,15.648571428571428,2.3253274219016173,-1.02107142857143,0,11.9,0
2025-06-03,Mohammed Kudus,11.687142857142858,6.871394119307751,1.9478571428571427,0,27.27,1
2025-06-03,Samuel Chukwueze,28.571428571428573,39.33978962347216,-3.5714285714285703,1,0.0,0
2025-06-03,Serhou Guirassy,3.2857142857142856,2.2886885410853175,1.1304705247670575e-16,0,1.0,0
2025-06-04,Achraf Hakimi,28.142857142857142,35.52195833297376,-1.3928571428571426,1,8.0,1
2025-06-04,Ademola Lookman,30.952857142857145,17.81697104288092,2.9771428571428573,1,66.67,0
2025-06-04,Antoine Semenyo,4.082857142857143,6.972806021217269,2.5517857142857143,0,14.29,1
2025-06-04,Bilal El Khannouss,9.522857142857143,16.263374715687306,2.3807142857142862,0,0.0,0
2025-06-04,Bryan Mbuemo,31.631428571428568,44.00298718214913,13.519642857142857,2,35.71,1
2025-06-04,Carlos Baleba,24.08857142857143,11.246653470509095,2.0310714285714293,1,27.45,0
2025-06-04,Ilaix Moriba,5.714285714285714,5.618845839799182,-0.6428571428571431,0,8.0,0
2025-06-04,Ismaila Sarr,2.4257142857142857,6.417836751696678,-1.2128571428571424,0,0.0,1
2025-06-04,Kamaldeen Sulemana,7.8342857142857145,20.727571699826022,5.8757142857142854,0,54.84,0
2025-06-04,Mohamed Salah,14.627142857142859,2.145605697588402,-0.9367857142857153,0,11.9,0
2025-06-04,Mohammed Kudus,16.88142857142857,14.303947507094477,5.194285714285714,0,45.45,1
2025-06-04,Samuel Chukwueze,21.428571428571427,39.33978962347216,-3.571428571428571,1,0.0,0
2025-06-04,Serhou Guirassy,3.142857142857143,2.410295378065479,-0.4285714285714284,0,1.0,0
2025-06-05,Achraf Hakimi,28.857142857142858,34.95439205321019,-7.392857142857143,1,7.0,1
2025-06-05,Ademola Lookman,35.715714285714284,22.419993203346323,7.143571428571429,1,66.67,0
2025-06-05,Antoine Semenyo,6.124285714285714,7.638326293857088,3.0621428571428573,0,14.29,0
2025-06-05,Bilal El Khannouss,9.522857142857143,16.263374715687306,3.2366400313317707e-16,0,0.0,0
2025-06-05,Bryan Mbuemo,38.09428571428571,41.85260559676177,10.458928571428572,2,45.24,1
2025-06-05,Carlos Baleba,27.169999999999998,4.444862202588512,-1.6799999999999997,1,21.57,0
2025-06-05,Ilaix Moriba,3.857142857142857,4.913538149119954,-0.21428571428571455,0,0.0,0
2025-06-05,Ismaila Sarr,2.4257142857142857,6.417836751696678,-1.8192857142857146,0,0.0,1
2025-06-05,Kamaldeen Sulemana,7.8342857142857145,20.727571699826026,3.9171428571428573,0,0.0,0
2025-06-05,Mohamed Salah,14.28714285714286,1.9473461795112714,-0.6810714285714282,0,14.29,0
2025-06-05,Mohammed Kudus,29.868571428571425,33.899230290461084,12.986785714285714,1,100.0,1
2025-06-05,Samuel Chukwueze,21.428571428571427,39.33978962347216,-8.928571428571432,1,0.0,0
2025-06-05,Serhou Guirassy,3.0,2.516611478423583,-0.8214285714285716,0,1.0,0
2025-06-06,Achraf Hakimi,29.428571428571427,34.49085455043188,-13.428571428571425,1,7.0,0
2025-06-06,Ademola Lookman,40.47714285714286,21.207466227947265,5.953214285714287,1,50.0,0
2025-06-06,Antoine Semenyo,6.124285714285714,7.638326293857088,1.5310714285714284,0,0.0,1
2025-06-06,Bilal El Khannouss,19.047142857142855,26.226929998435907,4.7625,0,66.67,0
2025-06-06,Bryan Mbuemo,43.537142857142854,38.40854102682792,5.017500000000001,2,38.1,1
2025-06-06,Carlos Baleba,22.128571428571426,10.106955407987494,-3.4310714285714288,1,0.0,0
2025-06-06,Ilaix Moriba,3.857142857142857,4.913538149119954,-1.1785714285714286,0,0.0,0
2025-06-06,Ismaila Sarr,0.0,0.0,0.0,0,0.0,1
2025-06-06,Kamaldeen Sulemana,7.8342857142857145,20.727571699826026,1.9585714285714286,0,0.0,0
2025-06-06,Mohamed Salah,13.605714285714287,1.8038371798553694,-0.5964285714285724,0,11.9,0
2025-06-06,Mohammed Kudus,36.362857142857145,33.60838323706638,12.662857142857145,1,54.55,1
2025-06-06,Samuel Chukwueze,21.428571428571427,39.33978962347216,-14.285714285714288,1,0.0,1
2025-06-06,Serhou Guirassy,2.7142857142857144,2.627691364061218,-1.0357142857142858,0,1.0,0
2025-06-07,Achraf Hakimi,16.0,15.513435037626794,-5.857142857142858,1,6.0,0
2025-06-07,Ademola Lookman,38.097142857142856,23.002127955391224,2.38142857142857,1,16.67,0
2025-06-07,Antoine Semenyo,6.124285714285714,7.638326293857088,-1.4731764184450375e-17,0,0.0,1
2025-06-07,Bilal El Khannouss,19.047142857142855,26.226929998435907,0.0007142857142866858,0,0.0,0
2025-06-07,Bryan Mbuemo,48.29857142857143,33.91484602578023,-2.2957142857142845,2,33.33,1
2025-06-07,Carlos Baleba,17.927142857142858,12.423054796473792,-4.761785714285712,1,0.0,0
2025-06-07,Ilaix Moriba,2.2857142857142856,3.9036002917941333,-0.5714285714285713,0,0.0,0
2025-06-07,Ismaila Sarr,0.0,0.0,0.0,0,0.0,1
2025-06-07,Kamaldeen Sulemana,7.8342857142857145,20.727571699826026,5.382241734352601e-16,0,0.0,0
2025-06-07,Mohamed Salah,12.924285714285714,1.277508736341388,-0.3414285714285717,0,11.9,0
2025-06-07,Mohammed Kudus,41.55714285714286,31.4299319727155,9.740357142857142,1,45.45,1
2025-06-07,Samuel Chukwueze,7.142857142857143,18.89822365046136,-5.357142857142858,1,0.0,1
2025-06-07,Serhou Guirassy,1.7142857142857142,1.2535663410560172,-0.46428571428571436,0,1.0,0
2025-06-08,Achraf Hakimi,9.571428571428571,5.912053869204928,-2.4285714285714297,1,4.0,0
2025-06-08,Ademola Lookman,38.097142857142856,23.002127955391224,1.1896428571428581,1,33.33,0
2025-06-08,Antoine Semenyo,6.124285714285714,7.638326293857088,-1.531071428571428,0,0.0,1
2025-06-08,Bilal El Khannouss,14.285714285714286,26.227232575539276,0.00035714285714266714,0,0.0,0
2025-06-08,Bryan Mbuemo,52.71999999999999,28.085222686198044,-11.054285714285715,2,30.95,1
2025-06-08,Carlos Baleba,14.285714285714286,13.523802297114099,-5.602142857142858,1,0.0,0
2025-06-08,Ilaix Moriba,2.2857142857142856,3.9036002917941333,-1.1428571428571428,0,0.0,1
2025-06-08,Ismaila Sarr,0.0,0.0,0.0,0,0.0,1
2025-06-08,Kamaldeen Sulemana,7.8342857142857145,20.727571699826026,-1.9585714285714286,0,0.0,0
2025-06-08,Mohamed Salah,13.264285714285716,1.8774171720998076,0.2550000000000003,0,16.67,0
2025-06-08,Mohammed Kudus,44.15428571428571,28.953510931113264,3.571428571428572,1,27.27,1
2025-06-08,Samuel Chukwueze,0.0,0.0,0.0,1,0.0,1
2025-06-08,Serhou Guirassy,1.2857142857142858,0.7559289460184545,-0.21428571428571433,0,1.0,0
2025-06-09,Achraf Hakimi,7.142857142857143,3.38765264987284,-1.3928571428571432,1,4.0,0
2025-06-09,Ademola Lookman,38.097142857142856,23.002127955391224,-4.167142857142862,1,16.67,0
2025-06-09,Antoine Semenyo,10.205714285714285,10.799390194424339,-0.0010714285714286578,0,28.57,1
2025-06-09,Bilal El Khannouss,14.285714285714286,26.227232575539276,-3.5710714285714267,0,0.0,0
2025-06-09,Bryan Mbuemo,38.43428571428571,25.32491188345503,-9.948571428571428,2,0.0,1
2025-06-09,Carlos Baleba,12.605714285714287,12.290078460751525,-3.5710714285714285,1,15.69,0
2025-06-09,Ilaix Moriba,1.1428571428571428,3.0237157840738185,-0.5714285714285714,0,0.0,1
2025-06-09,Ismaila Sarr,0.0,0.0,0.0,0,0.0,1
2025-06-09,Kamaldeen Sulemana,7.8342857142857145,20.72757169982603,-3.9171428571428604,0,0.0,0
2025-06-09,Mohamed Salah,13.264285714285714,1.8774171720998076,0.5114285714285715,0,14.29,0
2025-06-09,Mohammed Kudus,45.452857142857134,27.27388904812667,-4.220714285714285,1,18.18,1
2025-06-09,Samuel Chukwueze,0.0,0.0,0.0,1,0.0,1
2025-06-09,Serhou Guirassy,1.0,0.0,-4.4235991976298466e-17,0,1.0,0
2025-06-10,Achraf Hakimi,5.428571428571429,2.14919697074224,-0.9642857142857143,1,2.0,0
2025-06-10,Ademola Lookman,38.097142857142856,23.002127955391224,-9.523928571428572,1,16.67,0
2025-06-10,Antoine Semenyo,12.245714285714286,12.8529852007784,2.55,0,28.57,1
2025-06-10,Bilal El Khannouss,14.285714285714286,26.227232575539276,1.1900000000000002,0,33.33,0
2025-06-10,Bryan Mbuemo,30.27142857142857,14.399029398506263,-4.251785714285715,2,28.57,1
2025-06-10,Carlos Baleba,9.244285714285713,12.019052731868205,-3.3610714285714303,1,0.0,0
2025-06-10,Ilaix Moriba,1.1428571428571428,3.0237157840738185,-0.8571428571428571,0,0.0,1
2025-06-10,Ismaila Sarr,12.668571428571429,33.51788946645827,9.501428571428571,1,88.68,0
2025-06-10,Kamaldeen Sulemana,7.8342857142857145,20.72757169982603,-5.875714285714287,0,0.0,0
2025-06-10,Mohamed Salah,13.264285714285714,1.8774171720998076,0.1703571428571426,0,11.9,0
2025-06-10,Mohammed Kudus,44.15428571428571,28.47390200232654,-9.740357142857144,1,18.18,1
2025-06-10,Samuel Chukwueze,0.0,0.0,0.0,1,0.0,1
2025-06-10,Serhou Guirassy,0.8571428571428571,0.3779644730092272,-0.10714285714285714,0,0.0,0
2025-06-11,Achraf Hakimi,4.714285714285714,1.9760470401187074,-0.8571428571428571,1,3.0,0
2025-06-11,Ademola Lookman,30.954285714285724,20.249110150936556,-7.737857142857144,0,16.67,0
2025-06-11,Antoine Semenyo,12.245714285714286,12.8529852007784,3.0610714285714287,0,14.29,0
2025-06-11,Bilal El Khannouss,14.285714285714286,26.227232575539276,-2.3814285714285726,0,0.0,0
2025-06-11,Bryan Mbuemo,25.169999999999998,18.021291111719307,-6.718214285714287,2,0.0,1
2025-06-11,Carlos Baleba,5.322857142857143,9.247624405373369,-1.7507142857142866,1,0.0,0
2025-06-11,Ilaix Moriba,1.8571428571428572,4.913538149119954,1.3928571428571428,0,13.0,1
2025-06-11,Ismaila Sarr,19.13714285714286,35.00192647759345,11.185714285714287,1,45.28,0
2025-06-11,Kamaldeen Sulemana,0.0,0.0,0.0,0,0.0,0
2025-06-11,Mohamed Salah,13.605714285714287,1.8038371798553694,0.08535714285714203,0,14.29,0
2025-06-11,Mohammed Kudus,40.25857142857143,30.08689384021523,-12.338214285714285,1,18.18,0
2025-06-11,Samuel Chukwueze,0.0,0.0,0.0,1,0.0,1
2025-06-11,Serhou Guirassy,0.8571428571428571,0.37796447300922725,-0.07142857142857145,0,1.0,0
2025-06-12,Achraf Hakimi,4.0,1.9148542155126762,-0.8214285714285717,1,2.0,0
2025-06-12,Ademola Lookman,23.81142857142857,13.11134677619787,-4.1660714285714295,0,16.67,0
2025-06-12,Antoine Semenyo,10.204285714285716,13.58799575255411,2.041071428571429,0,0.0,1
2025-06-12,Bilal El Khannouss,14.285714285714286,26.227232575539276,-5.952857142857145,0,0.0,0
2025-06-12,Bryan Mbuemo,21.76857142857143,15.699237166787679,-4.251785714285717,2,21.43,0
2025-06-12,Carlos Baleba,2.2414285714285715,5.930262581514775,8.842530859931032e-17,1,0.0,0
2025-06-12,Ilaix Moriba,1.8571428571428572,4.913538149119954,0.9285714285714285,0,0.0,1
2025-06-12,Ismaila Sarr,19.13714285714286,35.00192647759345,6.401428571428572,1,0.0,0
2025-06-12,Kamaldeen Sulemana,0.0,0.0,0.0,0,0.0,0
2025-06-12,Mohamed Salah,13.264285714285714,1.8774171720998076,0.0003571428571437978,0,11.9,0
2025-06-12,Mohammed Kudus,27.271428571428572,16.598732309598656,-7.143214285714287,1,9.09,1
2025-06-12,Samuel Chukwueze,7.142857142857143,18.89822365046136,5.357142857142857,1,50.0,0
2025-06-12,Serhou Guirassy,0.7142857142857143,0.4879500364742666,-0.1428571428571429,0,0.0,0
2025-06-13,Achraf Hakimi,3.2857142857142856,1.4960264830861911,-0.6071428571428571,1,2.0,0
2025-06-13,Ademola Lookman,19.050000000000004,6.2968881203337235,-1.1899999999999995,0,16.67,0
2025-06-13,Antoine Semenyo,12.245714285714286,12.8529852007784,1.0210714285714289,0,14.29,1
2025-06-13,Bilal El Khannouss,4.761428571428572,12.597555885397544,2.1637246616647307e-16,0,0.0,0
2025-06-13,Bryan Mbuemo,20.747142857142855,14.657626813694083,-0.9349999999999986,2,30.95,0
2025-06-13,Carlos Baleba,4.482857142857143,7.655936072281242,1.1207142857142858,1,15.69,0
2025-06-13,Ilaix Moriba,3.5714285714285716,6.106202935189288,1.7499999999999998,0,12.0,1
2025-06-13,Ismaila Sarr,19.13714285714286,35.00192647759345,1.6171428571428572,1,0.0,0
2025-06-13,Kamaldeen Sulemana,0.0,0.0,0.0,0,0.0,1
2025-06-13,Mohamed Salah,13.605714285714287,1.8038371798553694,-0.08464285714285656,0,14.29,0
2025-06-13,Mohammed Kudus,20.77714285714286,12.545391868844003,-5.194285714285714,1,9.09,1
2025-06-13,Samuel Chukwueze,14.285714285714286,24.39750182371333,8.928571428571429,1,50.0,0
2025-06-13,Serhou Guirassy,0.7142857142857143,0.4879500364742666,-0.07142857142857151,0,1.0,0
2025-06-14,Achraf Hakimi,2.7142857142857144,0.9511897312113419,-0.357142857142857,1,2.0,0
2025-06-14,Ademola Lookman,19.050000000000004,6.2968881203337235,-1.785,0,16.67,0
2025-06-14,Antoine Semenyo,14.287142857142856,11.66365396475409,-0.5092857142857152,0,14.29,1
2025-06-14,Bilal El Khannouss,4.761428571428572,12.597555885397544,-1.1903571428571424,0,0.0,0
2025-06-14,Bryan Mbuemo,15.985714285714284,15.288848721800319,-1.360357142857143,2,0.0,0
2025-06-14,Carlos Baleba,4.482857142857143,7.655936072281242,-6.390264133631935e-17,1,0.0,0
2025-06-14,Ilaix Moriba,4.857142857142857,6.175990377490653,1.8214285714285714,0,9.0,1
2025-06-14,Ismaila Sarr,19.13714285714286,35.00192647759345,-3.167142857142857,1,0.0,0
2025-06-14,Kamaldeen Sulemana,0.0,0.0,0.0,0,0.0,1
2025-06-14,Mohamed Salah,13.605714285714287,1.8038371798553694,-0.5110714285714301,0,11.9,0
2025-06-14,Mohammed Kudus,16.881428571428575,6.272695934422,-1.9478571428571436,1,18.18,0
2025-06-14,Samuel Chukwueze,14.285714285714286,24.39750182371333,5.357142857142858,1,0.0,0
2025-06-14,Serhou Guirassy,0.5714285714285714,0.5345224838248488,-0.10714285714285719,0,0.0,0
2025-06-15,Achraf Hakimi,3.0,1.5275252316519468,0.17857142857142846,1,6.0,0
2025-06-15,Ademola Lookman,16.67,0.0,-8.366470838636204e-18,0,16.67,0
2025-06-15,Antoine Semenyo,16.328571428571426,9.856896787818888,-2.55,0,14.29,0
2025-06-15,Bilal El Khannouss,4.761428571428572,12.597555885397542,-2.380714285714286,0,0.0,1
2025-06-15,Bryan Mbuemo,11.564285714285715,14.704100173242901,-0.9353571428571422,2,0.0,0
2025-06-15,Carlos Baleba,4.482857142857143,7.655936072281242,-1.120714285714286,1,0.0,0
2025-06-15,Ilaix Moriba,10.285714285714286,13.524228699070491,4.678571428571429,0,38.0,0
2025-06-15,Ismaila Sarr,19.13714285714286,35.00192647759345,-7.951428571428572,1,0.0,0
2025-06-15,Kamaldeen Sulemana,0.0,0.0,0.0,0,0.0,1
2025-06-15,Mohamed Salah,13.945714285714285,2.548338394214664,0.5100000000000002,0,19.05,0
2025-06-15,Mohammed Kudus,12.985714285714286,7.151973753547238,-2.2725,1,0.0,0
2025-06-15,Samuel Chukwueze,14.285714285714286,24.39750182371333,1.7857142857142856,1,0.0,0
2025-06-15,Serhou Guirassy,0.5714285714285714,0.5345224838248488,-1.3757568435214595e-17,0,1.0,0
2025-06-16,Achraf Hakimi,2.7142857142857144,1.4960264830861911,0.21428571428571425,1,2.0,0
2025-06-16,Ademola Lookman,16.67,0.0,-8.366470838636204e-18,0,16.67,0
2025-06-16,Antoine Semenyo,14.288571428571426,8.247448956235756,-1.019642857142859,0,14.29,0
2025-06-16,Bilal El Khannouss,4.761428571428572,12.597555885397542,-3.571071428571429,0,0.0,1
2025-06-16,Bryan Mbuemo,14.285714285714286,13.950647365078147,-1.7853571428571435,2,19.05,0
2025-06-16,Carlos Baleba,2.2414285714285715,5.930262581514775,8.842530859931032e-17,1,0.0,0
2025-06-16,Ilaix Moriba,13.857142857142858,13.65562852732127,4.785714285714286,0,25.0,0
2025-06-16,Ismaila Sarr,19.13714285714286,35.00192647759345,-12.735714285714286,1,0.0,0
2025-06-16,Kamaldeen Sulemana,0.0,0.0,0.0,0,0.0,1
2025-06-16,Mohamed Salah,13.604285714285714,2.6525010659303994,0.3400000000000003,0,11.9,0
2025-06-16,Mohammed Kudus,10.388571428571428,8.178594884557755,-2.9217857142857153,1,0.0,0
2025-06-16,Samuel Chukwueze,14.285714285714286,24.39750182371333,-1.7857142857142851,1,0.0,0
2025-06-16,Serhou Guirassy,0.5714285714285714,0.5345224838248488,0.10714285714285714,0,1.0,0
2025-06-17,Achraf Hakimi,2.7142857142857144,1.4960264830861911,0.03571428571428574,1,2.0,0
2025-06-17,Ademola Lookman,19.050000000000004,6.296888120333724,1.7850000000000001,0,33.33,0
2025-06-17,Antoine Semenyo,12.248571428571426,5.401112319301857,1.0207142857142852,0,14.29,0
2025-06-17,Bilal El Khannouss,0.0,0.0,0.0,0,0.0,1
2025-06-17,Bryan Mbuemo,10.204285714285714,13.236047820431969,-1.275357142857142,2,0.0,1
2025-06-17,Carlos Baleba,2.2414285714285715,5.930262581514775,-0.5603571428571428,1,0.0,0
2025-06-17,Ilaix Moriba,17.571428571428573,12.765280292746452,4.107142857142857,0,26.0,0
2025-06-17,Ismaila Sarr,6.468571428571429,17.11423133785781,-4.851428571428572,1,0.0,0
2025-06-17,Kamaldeen Sulemana,0.0,0.0,0.0,0,0.0,1
2025-06-17,Mohamed Salah,13.945714285714287,2.548338394214664,0.1700000000000005,0,14.29,0
2025-06-17,Mohammed Kudus,9.09,7.42195392063303,-1.9478571428571432,1,9.09,0
2025-06-17,Samuel Chukwueze,14.285714285714286,24.39750182371333,-5.357142857142856,1,0.0,0
2025-06-17,Serhou Guirassy,3.0,6.191391873668904,1.7857142857142856,0,17.0,0
2025-06-18,Achraf Hakimi,2.5714285714285716,1.511857892036909,1.509891142559645e-16,1,2.0,0
2025-06-18,Ademola Lookman,19.050000000000004,6.296888120333724,1.1899999999999993,0,16.67,0
2025-06-18,Antoine Semenyo,10.207142857142856,6.972806021217269,4.0241311216257816e-16,0,0.0,0
2025-06-18,Bilal El Khannouss,0.0,0.0,0.0,0,0.0,1
2025-06-18,Bryan Mbuemo,10.204285714285714,13.236047820431969,-3.826428571428573,2,0.0,1
2025-06-18,Carlos Baleba,2.2414285714285715,5.930262581514775,-1.1207142857142853,0,0.0,0
2025-06-18,Ilaix Moriba,15.714285714285714,14.384184436552594,1.5714285714285714,0,0.0,0
2025-06-18,Ismaila Sarr,0.0,0.0,0.0,1,0.0,0
2025-06-18,Kamaldeen Sulemana,0.0,0.0,0.0,0,0.0,1
2025-06-18,Mohamed Salah,13.604285714285718,2.6525010659303994,1.7813322692062174e-17,0,11.9,0
2025-06-18,Mohammed Kudus,9.09,7.42195392063303,0.3246428571428572,1,18.18,0
2025-06-18,Samuel Chukwueze,14.285714285714286,24.39750182371333,-8.92857142857143,1,0.0,0
2025-06-18,Serhou Guirassy,3.142857142857143,6.148944934663492,1.392857142857143,0,2.0,0
2025-06-19,Achraf Hakimi,2.5714285714285716,1.511857892036909,-0.14285714285714282,1,2.0,0
2025-06-19,Ademola Lookman,19.050000000000004,6.296888120333724,0.5950000000000005,0,16.67,0
2025-06-19,Antoine Semenyo,12.248571428571426,5.401112319301856,-1.020714285714286,0,14.29,0
2025-06-19,Bilal El Khannouss,0.0,0.0,0.0,0,0.0,1
2025-06-19,Bryan Mbuemo,7.142857142857143,12.6732141599066,-3.316071428571429,2,0.0,1
2025-06-19,Carlos Baleba,2.2414285714285715,5.930262581514775,-1.6810714285714283,0,0.0,0
2025-06-19,Ilaix Moriba,15.714285714285714,14.384184436552596,-2.357142857142857,0,0.0,0
2025-06-19,Ismaila Sarr,0.0,0.0,0.0,1,0.0,0
2025-06-19,Kamaldeen Sulemana,0.0,0.0,0.0,0,0.0,1
2025-06-19,Mohamed Salah,13.945714285714287,2.548338394214664,-0.17000000000000043,0,14.29,0
2025-06-19,Mohammed Kudus,11.687142857142858,10.114418280002916,2.2724999999999995,1,27.27,0
2025-06-19,Samuel Chukwueze,7.142857142857143,18.89822365046136,-5.357142857142858,1,0.0,0
2025-06-19,Serhou Guirassy,3.2857142857142856,6.074928962939559,0.7142857142857142,0,1.0,0
2025-06-20,Achraf Hakimi,2.857142857142857,1.5735915849388862,-0.07142857142857141,1,4.0,0
2025-06-20,Ademola Lookman,19.050000000000004,6.2968881203337235,-1.9116301931734547e-16,0,16.67,0
2025-06-20,Antoine Semenyo,12.248571428571426,5.401112319301856,-0.5103571428571428,0,14.29,0
2025-06-20,Bilal El Khannouss,14.285714285714286,37.79644730092272,10.714285714285714,1,100.0,0
2025-06-20,Bryan Mbuemo,7.482857142857142,13.427827714967792,2.8907142857142856,2,33.33,1
2025-06-20,Carlos Baleba,2.5214285714285714,6.67107294861286,1.8910714285714283,0,17.65,0
2025-06-20,Ilaix Moriba,14.0,15.56705923844749,-4.571428571428572,0,0.0,0
2025-06-20,Ismaila Sarr,0.0,0.0,0.0,1,0.0,0
2025-06-20,Kamaldeen Sulemana,11.06,29.262009500374372,8.294999999999998,0,77.42,1
2025-06-20,Mohamed Salah,13.604285714285718,2.652501065930399,-0.3400000000000005,0,11.9,0
2025-06-20,Mohammed Kudus,12.985714285714286,10.307091178961628,2.5971428571428574,1,18.18,0
2025-06-20,Samuel Chukwueze,0.0,0.0,0.0,1,0.0,0
2025-06-20,Serhou Guirassy,3.2857142857142856,6.074928962939559,0.14285714285714304,0,1.0,0
2025-06-21,Achraf Hakimi,2.7142857142857144,1.704336206492693,-0.39285714285714285,1,1.0,0
2025-06-21,Ademola Lookman,19.050000000000004,6.2968881203337235,-0.5950000000000003,0,16.67,0
2025-06-21,Antoine Semenyo,12.248571428571426,5.401112319301856,-5.109700454387807e-16,0,14.29,0
2025-06-21,Bilal El Khannouss,23.810000000000002,41.786114519857755,14.286071428571429,1,66.67,0
2025-06-21,Bryan Mbuemo,7.482857142857142,13.427827714967792,1.02,2,0.0,1
2025-06-21,Carlos Baleba,2.5214285714285714,6.67107294861286,1.2607142857142857,0,0.0,0
2025-06-21,Ilaix Moriba,12.714285714285714,16.39831582525358,-6.785714285714286,0,0.0,0
2025-06-21,Ismaila Sarr,0.0,0.0,0.0,1,0.0,0
2025-06-21,Kamaldeen Sulemana,17.51142857142857,31.322864613873485,10.36857142857143,0,45.16,1
2025-06-21,Mohamed Salah,13.604285714285718,2.652501065930399,-0.7660714285714292,0,11.9,0
2025-06-21,Mohammed Kudus,10.388571428571428,11.044220854624118,1.9478571428571432,1,0.0,0
2025-06-21,Samuel Chukwueze,0.0,0.0,0.0,1,0.0,0
2025-06-21,Serhou Guirassy,5.142857142857143,6.841748592978538,0.7142857142857143,0,13.0,0
2025-06-22,Achraf Hakimi,2.0,1.0,-0.10714285714285716,1,1.0,0
2025-06-22,Ademola Lookman,19.050000000000004,6.2968881203337235,-1.1899999999999995,0,16.67,0
2025-06-22,Antoine Semenyo,10.207142857142856,6.972806021217269,-1.0207142857142857,0,0.0,0
2025-06-22,Bilal El Khannouss,28.571428571428573,40.49998371545822,11.904642857142855,1,33.33,0
2025-06-22,Bryan Mbuemo,10.544285714285715,13.873010796918907,1.4453571428571426,2,21.43,1
2025-06-22,Carlos Baleba,5.882857142857143,10.189270033202762,3.1514285714285712,0,23.53,0
2025-06-22,Ilaix Moriba,7.285714285714286,12.446074156325837,-4.535714285714286,0,0.0,0
2025-06-22,Ismaila Sarr,0.0,0.0,0.0,1,0.0,0
2025-06-22,Kamaldeen Sulemana,17.51142857142857,31.32286461387348,5.990714285714285,0,0.0,1
2025-06-22,Mohamed Salah,12.924285714285714,1.277508736341388,0.08535714285714285,0,14.29,0
2025-06-22,Mohammed Kudus,11.687142857142858,10.114418280002916,0.3246428571428574,1,9.09,0
2025-06-22,Samuel Chukwueze,0.0,0.0,0.0,1,0.0,0
2025-06-22,Serhou Guirassy,5.142857142857143,6.841748592978538,-0.32142857142857134,0,1.0,0
2025-06-23,Achraf Hakimi,2.2857142857142856,1.2535663410560174,0.10714285714285714,1,4.0,0
2025-06-23,Ademola Lookman,16.66857142857143,9.621542545370827,-3.5710714285714285,0,0.0,0
2025-06-23,Antoine Semenyo,10.207142857142856,6.972806021217269,-1.562252696425882e-16,0,14.29,0
2025-06-23,Bilal El Khannouss,28.571428571428573,40.49998371545822,4.761785714285716,1,0.0,0
2025-06-23,Bryan Mbuemo,11.564285714285715,14.831952958778844,4.336785714285715,2,26.19,1
2025-06-23,Carlos Baleba,8.404285714285715,10.663659248655152,3.5717857142857143,0,17.65,0
2025-06-23,Ilaix Moriba,3.7142857142857144,9.82707629823991,-2.785714285714287,0,0.0,0
2025-06-23,Ismaila Sarr,0.0,0.0,0.0,1,0.0,0
2025-06-23,Kamaldeen Sulemana,17.51142857142857,31.32286461387348,1.612857142857143,0,0.0,1
2025-06-23,Mohamed Salah,12.584285714285713,1.803837179855369,-0.4257142857142852,0,9.52,0
2025-06-23,Mohammed Kudus,12.985714285714286,8.870931663102166,-1.6232142857142855,1,9.09,1
2025-06-23,Samuel Chukwueze,0.0,0.0,0.0,1,0.0,1
2025-06-23,Serhou Guirassy,5.142857142857143,6.841748592978539,-1.3571428571428577,0,1.0,0
2025-06-24,Achraf Hakimi,2.4285714285714284,1.2724180205607036,0.14285714285714293,1,3.0,0
2025-06-24,Ademola Lookman,14.28857142857143,6.300667765063818,-1.1907142857142854,0,16.67,0
2025-06-24,Antoine Semenyo,8.165714285714285,7.638326293857088,-0.5103571428571427,0,0.0,0
2025-06-24,Bilal El Khannouss,28.571428571428573,40.49998371545822,-2.3810714285714263,1,0.0,0
2025-06-24,Bryan Mbuemo,15.985714285714286,15.411851345791067,4.761785714285714,2,30.95,1
2025-06-24,Carlos Baleba,8.404285714285715,10.663659248655152,1.470714285714286,0,0.0,0
2025-06-24,Ilaix Moriba,0.0,0.0,0.0,0,0.0,0
2025-06-24,Ismaila Sarr,0.0,0.0,0.0,1,0.0,0
2025-06-24,Kamaldeen Sulemana,17.51142857142857,31.32286461387348,-2.7649999999999997,0,0.0,1
2025-06-24,Mohamed Salah,12.242857142857144,1.646498449090415,-0.2553571428571433,0,11.9,0
2025-06-24,Mohammed Kudus,14.284285714285716,8.870931663102168,-1.6232142857142857,1,18.18,1
2025-06-24,Samuel Chukwueze,0.0,0.0,0.0,1,0.0,1
2025-06-24,Serhou Guirassy,2.857142857142857,4.488079449258573,-0.10714285714285712,0,1.0,0
2025-06-25,Achraf Hakimi,2.4285714285714284,1.2724180205607034,0.03571428571428556,1,2.0,0
2025-06-25,Ademola Lookman,14.28857142857143,6.300667765063818,-0.5953571428571433,0,16.67,0
2025-06-25,Antoine Semenyo,8.165714285714285,7.638326293857088,-2.5517857142857157,0,0.0,0
2025-06-25,Bilal El Khannouss,33.332857142857144,38.490499136923695,-5.952857142857144,1,33.33,0
2025-06-25,Bryan Mbuemo,20.06714285714286,14.208951068822444,3.826428571428573,2,28.57,1
2025-06-25,Carlos Baleba,10.084285714285715,10.026246983364642,0.6296428571428571,0,11.76,0
2025-06-25,Ilaix Moriba,0.5714285714285714,1.511857892036909,0.42857142857142855,0,4.0,0
2025-06-25,Ismaila Sarr,0.5385714285714286,1.4249260632447867,0.4039285714285714,1,3.77,0
2025-06-25,Kamaldeen Sulemana,23.041428571428572,31.132496649305974,-2.9953571428571433,0,38.71,1
2025-06-25,Mohamed Salah,11.902857142857142,1.9473461795112708,-0.5960714285714283,0,9.52,0
2025-06-25,Mohammed Kudus,12.985714285714286,8.870931663102166,-1.623214285714287,1,9.09,1
2025-06-25,Samuel Chukwueze,0.0,0.0,0.0,1,0.0,1
2025-06-25,Serhou Guirassy,3.2857142857142856,4.535573676110728,-7.316574145834969e-17,0,5.0,1
2025-06-26,Achraf Hakimi,2.4285714285714284,1.2724180205607034,-0.07142857142857148,1,2.0,0
2025-06-26,Ademola Lookman,14.28857142857143,6.300667765063818,-4.301268856192204e-16,0,16.67,0
2025-06-26,Antoine Semenyo,6.124285714285714,7.638326293857088,-2.5517857142857157,0,0.0,0
2025-06-26,Bilal El Khannouss,33.332857142857144,38.490499136923695,-14.286071428571432,1,0.0,0
2025-06-26,Bryan Mbuemo,24.488571428571426,11.476562244521698,2.125714285714284,2,30.95,0
2025-06-26,Carlos Baleba,11.764285714285716,8.986213249830463,-0.6314285714285715,0,11.76,0
2025-06-26,Ilaix Moriba,1.0,1.7320508075688772,0.6071428571428572,0,3.0,0
2025-06-26,Ismaila Sarr,1.0771428571428572,1.839571637507985,0.6732142857142858,1,3.77,0
2025-06-26,Kamaldeen Sulemana,34.10142857142857,35.08382933706611,-0.4607142857142858,0,77.42,1
2025-06-26,Mohamed Salah,11.221428571428572,1.8019473593072262,-0.510357142857142,0,9.52,0
2025-06-26,Mohammed Kudus,10.388571428571428,6.272695934421999,-5.283937257119163e-16,1,9.09,1
2025-06-26,Samuel Chukwueze,0.0,0.0,0.0,1,0.0,1
2025-06-26,Serhou Guirassy,3.2857142857142856,4.535573676110728,-0.5714285714285712,0,1.0,1
2025-06-27,Achraf Hakimi,2.142857142857143,1.0690449676496976,0.10714285714285714,1,2.0,0
2025-06-27,Ademola Lookman,14.28857142857143,6.300667765063818,0.5953571428571433,0,16.67,0
2025-06-27,Antoine Semenyo,4.082857142857143,6.972806021217269,-2.041428571428572,0,0.0,0
2025-06-27,Bilal El Khannouss,19.047142857142855,26.226929998435903,-8.333571428571428,1,0.0,0
2025-06-27,Bryan Mbuemo,23.80857142857143,10.996357622066542,3.8260714285714292,2,28.57,0
2025-06-27,Carlos Baleba,10.362857142857143,8.674892341859762,-0.21107142857142802,0,7.84,1
2025-06-27,Ilaix Moriba,1.4285714285714286,1.8126539343499313,0.6785714285714285,0,3.0,0
2025-06-27,Ismaila Sarr,1.8857142857142857,2.434815921466872,1.0103571428571427,1,5.66,0
2025-06-27,Kamaldeen Sulemana,33.18,33.81838799627603,9.677857142857144,0,70.97,1
2025-06-27,Mohamed Salah,11.221428571428572,1.8019473593072264,-0.3407142857142858,0,11.9,0
2025-06-27,Mohammed Kudus,9.090000000000002,5.248113946933698,0.9739285714285716,1,9.09,1
2025-06-27,Samuel Chukwueze,0.0,0.0,0.0,1,0.0,1
2025-06-27,Serhou Guirassy,3.2857142857142856,4.535573676110728,-1.1428571428571435,0,1.0,1
2025-06-28,Achraf Hakimi,2.2857142857142856,0.951189731211342,-0.07142857142857126,1,2.0,0
2025-06-28,Ademola Lookman,16.66857142857143,9.621542545370827,2.9757142857142855,0,33.33,0
2025-06-28,Antoine Semenyo,4.082857142857143,6.972806021217269,0.5103571428571425,0,14.29,0
2025-06-28,Bilal El Khannouss,9.522857142857143,16.263374715687306,-3.5710714285714285,1,0.0,0
2025-06-28,Bryan Mbuemo,27.55,3.325517503587474,0.6799999999999997,2,26.19,0
2025-06-28,Carlos Baleba,11.762857142857143,7.424402813887266,-1.7517857142857145,0,9.8,1
2025-06-28,Ilaix Moriba,1.8571428571428572,1.772810520855837,0.6428571428571429,0,3.0,0
2025-06-28,Ismaila Sarr,2.424285714285714,2.3641126393276126,0.942857142857143,1,3.77,0
2025-06-28,Kamaldeen Sulemana,33.64142857142857,34.030460584879656,13.018928571428571,0,48.39,1
2025-06-28,Mohamed Salah,11.562857142857142,2.145605697588401,0.08499999999999999,0,14.29,0
2025-06-28,Mohammed Kudus,10.38857142857143,3.4356970596538754,-0.3246428571428575,1,9.09,1
2025-06-28,Samuel Chukwueze,0.0,0.0,0.0,1,0.0,1
2025-06-28,Serhou Guirassy,1.5714285714285714,1.511857892036909,-4.4358444261541924e-17,0,1.0,1
2025-06-29,Achraf Hakimi,3.857142857142857,3.670993118515816,0.7857142857142857,1,12.0,0
2025-06-29,Ademola Lookman,21.43,15.85207767665383,6.547142857142858,0,50.0,0
2025-06-29,Antoine Semenyo,4.082857142857143,6.972806021217269,-0.5103571428571427,0,0.0,0
2025-06-29,Bilal El Khannouss,4.761428571428572,12.597555885397544,-1.1903571428571424,1,0.0,0
2025-06-29,Bryan Mbuemo,27.210000000000004,4.089433538604909,-1.1049999999999998,2,19.05,0
2025-06-29,Carlos Baleba,9.80142857142857,5.310167695316312,-0.2810714285714284,0,9.8,1
2025-06-29,Ilaix Moriba,2.2857142857142856,1.6035674514745462,0.5,0,3.0,0
2025-06-29,Ismaila Sarr,2.9628571428571426,2.1384395735030273,0.7407142857142858,1,3.77,0
2025-06-29,Kamaldeen Sulemana,36.86714285714286,31.268211607683245,7.027857142857143,0,22.58,1
2025-06-29,Mohamed Salah,11.221428571428573,1.8019473593072262,0.5107142857142857,0,11.9,0
2025-06-29,Mohammed Kudus,10.38857142857143,3.4356970596538754,-0.6492857142857141,1,9.09,1
2025-06-29,Samuel Chukwueze,7.142857142857143,18.89822365046136,5.357142857142857,1,50.0,0
2025-06-29,Serhou Guirassy,1.5714285714285714,1.5118578920369092,-0.1428571428571429,0,1.0,1
2025-06-30,Achraf Hakimi,3.857142857142857,3.6709931185158156,0.8214285714285714,0,4.0,0
2025-06-30,Ademola Lookman,26.191428571428567,13.11104423577241,4.760714285714285,0,33.33,0
2025-06-30,Antoine Semenyo,2.0414285714285714,5.401112319301856,0.5103571428571428,0,0.0,0
2025-06-30,Bilal El Khannouss,4.761428571428572,12.597555885397542,-2.380714285714286,1,0.0,0
2025-06-30,Bryan Mbuemo,25.849999999999998,5.736502999795839,-2.379999999999999,2,16.67,0
2025-06-30,Carlos Baleba,9.52142857142857,4.85993288215461,1.4710714285714286,0,15.69,1
2025-06-30,Ilaix Moriba,2.5714285714285716,1.2724180205607034,0.14285714285714302,0,2.0,0
2025-06-30,Ismaila Sarr,3.2328571428571427,1.7934948590737052,0.20250000000000004,1,1.89,0
2025-06-30,Kamaldeen Sulemana,41.01428571428572,27.227588249875563,0.9214285714285746,0,29.03,1
2025-06-30,Mohamed Salah,11.221428571428572,1.8019473593072264,0.08535714285714276,0,9.52,0
2025-06-30,Mohammed Kudus,22.07714285714286,30.540899743505545,7.7924999999999995,2,90.91,1
2025-06-30,Samuel Chukwueze,14.285714285714286,24.39750182371333,8.928571428571429,0,50.0,0
2025-06-30,Serhou Guirassy,1.5714285714285714,1.5118578920369092,-0.28571428571428575,0,1.0,1
2025-07-01,Achraf Hakimi,3.7142857142857144,3.728908942943217,0.5000000000000001,0,2.0,0
2025-07-01,Ademola Lookman,26.191428571428577,13.11104423577241,2.3803571428571435,0,16.67,0
2025-07-01,Antoine Semenyo,4.082857142857143,6.972806021217269,1.5310714285714284,0,14.29,0
2025-07-01,Bilal El Khannouss,4.761428571428572,12.597555885397542,-3.571071428571429,1,0.0,0
2025-07-01,Bryan Mbuemo,23.47,6.651035007174948,-2.8900000000000015,2,14.29,0
2025-07-01,Carlos Baleba,10.921428571428569,2.4971211996445595,0.14071428571428574,0,9.8,1
2025-07-01,Ilaix Moriba,2.857142857142857,0.6900655593423543,-0.28571428571428564,0,2.0,0
2025-07-01,Ismaila Sarr,3.5028571428571427,1.3000860777363206,-0.4032142857142856,1,1.89,0
2025-07-01,Kamaldeen Sulemana,46.08285714285715,20.883299319700193,-5.5307142857142875,0,35.48,1
2025-07-01,Mohamed Salah,10.88142857142857,1.8756014908239311,-7.448643470495458e-16,0,9.52,0
2025-07-01,Mohammed Kudus,32.46714285714286,39.924071984324485,14.610714285714286,3,90.91,1
2025-07-01,Samuel Chukwueze,14.285714285714286,24.39750182371333,5.357142857142858,0,0.0,0
2025-07-01,Serhou Guirassy,2.0,1.7320508075688772,-0.10714285714285726,0,4.0,1
2025-07-02,Achraf Hakimi,3.7142857142857144,3.728908942943217,0.07142857142857169,0,2.0,0
2025-07-02,Ademola Lookman,26.191428571428577,13.11104423577241,-3.9834036016452164e-16,0,16.67,0
2025-07-02,Antoine Semenyo,6.124285714285714,7.638326293857088,2.041428571428572,0,14.29,0
2025-07-02,Bilal El Khannouss,0.0,0.0,0.0,1,0.0,0
2025-07-02,Bryan Mbuemo,21.43,7.0065302872867585,-3.144999999999999,1,14.29,0
2025-07-02,Carlos Baleba,12.042857142857143,4.1512757648933025,1.1914285714285713,0,19.61,1
2025-07-02,Ilaix Moriba,2.5714285714285716,0.5345224838248488,-0.21428571428571438,0,2.0,0
2025-07-02,Ismaila Sarr,3.5028571428571427,1.3000860777363203,-0.33642857142857147,1,3.77,0
2025-07-02,Kamaldeen Sulemana,48.84714285714285,21.02489454138095,-5.300714285714288,0,58.06,1
2025-07-02,Mohamed Salah,10.88142857142857,1.8756014908239311,-0.34035714285714314,0,9.52,0
2025-07-02,Mohammed Kudus,38.96142857142858,39.17805654043745,13.637142857142857,3,54.55,1
2025-07-02,Samuel Chukwueze,14.285714285714286,24.39750182371333,1.7857142857142856,0,0.0,0
2025-07-02,Serhou Guirassy,11.857142857142858,27.42522300990198,8.035714285714286,0,74.0,1
